record_id,nrc_number,first_name,last_name,date_of_birth,gender,district_of_origin,registration_terminal,slot_id,face_embedding_seed,is_duplicate,duplicate_type,canonical_id
REC00988,162549/45/3,Chilufya,Nkumbula,1958-12-30,F,Kafue,T003-Ndola,193DA90DA1DF,858,True,Type5,REC00858
REC00471,924758/99/9,Martha,Moono,2008-11-26,F,Kitwe,T002-Kitwe,02D438F66D07,471,False,,
REC00385,899281/16/1,Solomon,Mvula,1948-10-12,M,Mazabuka,T001-Lusaka,0A15A82DFDD2,385,False,,
REC00953,180832/75/5,Sbraham,Ng'andu,1989-05-19,F,Ndola,T003-Ndola,32D28617C7BF,591,True,Type1,REC00591
REC00459,200575/16/7,Takondwa,Kamanga,1988-09-14,F,Chingola,T003-Ndola,D90BEB322829,459,False,,
REC00704,604283/81/4,Namukolo,Hichilema,1997-11-30,F,Mongu,T002-Kitwe,63D28A3EABA2,704,False,,
REC00648,908382/60/9,Naomi,Mutale,2007-08-26,F,Kitwe,T001-Lusaka,4CD053EBC733,648,False,,
REC00849,632195/38/8,Wamunyima,Hichilema,1961-08-05,M,Mazabuka,T003-Ndola,0E060BF64B08,849,False,,
REC00334,473095/80/7,Grace,Namoonde,1989-07-19,F,Ndola,T002-Kitwe,41E8033968D1,334,False,,
REC00223,485191/76/5,Elijah,Nkumbula,1965-05-19,M,Kasama,T001-Lusaka,71A018641AD3,223,False,,
REC00884,232617/66/5,Kasonde,Sakala,1958-06-21,M,Ndola,T002-Kitwe,3B080D418A29,884,False,,
REC00286,223967/69/5,Alinafe,Mutale,1950-02-07,F,Mongu,T001-Lusaka,3DE4035EEAD0,286,False,,
REC00328,694316/70/5,Zulu,Mumba,1947-11-28,M,Choma,T001-Lusaka,C7C8D1837AF9,328,False,,
REC00462,612855/94/5,Sialubalo,Zulu,1967-10-07,M,Mazabuka,T001-Lusaka,9C7E38FF9BC2,462,False,,
REC00675,830897/72/4,Naomi,Gondwe,1961-04-28,F,Ndola,T003-Ndola,F4E702797830,675,False,,
REC00103,528361/67/8,Chisanga,Ng'andu,2009-10-10,M,Lusaka,T002-Kitwe,CEAAD5876F53,103,False,,
REC00337,477400/44/2,Mulenga,Kamanga,1970-02-11,M,Kitwe,T001-Lusaka,FE480DCBA63F,337,False,,
REC00787,172988/86/2,Thandiwe,Kamanga,1973-08-10,F,Kafue,T003-Ndola,3066E987D451,787,False,,
REC00329,790077/14/3,Mutinta,Mutinta,1959-06-17,M,Lusaka,T002-Kitwe,0DE0F91C7663,329,False,,
REC00004,832052/64/6,Mutinta,Hichilema,1995-09-10,F,Ndola,T002-Kitwe,9586075A1F58,4,False,,
REC00316,445888/39/7,Takondwa,Chisanga,1992-05-31,F,Kafue,T003-Ndola,9837CA90D42F,316,False,,
REC00517,891615/75/2,Kapulula,Kasonde,1964-02-09,F,Livingstone,T003-Ndola,FA8082D8EEC1,517,True,Type4,REC00174
REC00431,776001/20/5,Sitwala,Sachitembe,1953-06-20,F,Lusaka,T001-Lusaka,F693A5C60216,431,False,,
REC00575,234443/95/4,Solomon,Mvula,1977-12-22,M,Chipata,T001-Lusaka,A3D42F39E4AE,575,False,,
REC00221,300386/46/6,Nkandu,Hichilema,1951-12-24,F,Kafue,T001-Lusaka,5EAB28BD0B10,221,False,,
REC00026,349565/45/8,Mulonga,Chilufya,1963-11-21,M,Chingola,T001-Lusaka,94FBE6B423BA,26,False,,
REC00239,642491/54/3,Isaac,Moono,1948-12-31,M,Mazabuka,T003-Ndola,C5D74E4AC37A,239,False,,
REC00773,467335/80/6,Kabwe,Mumba,1961-05-05,M,Ndola,T002-Kitwe,C6C424B3F452,773,False,,
REC00871,911152/36/3,Mwamba,Mbanga,1946-05-18,M,Livingstone,T002-Kitwe,7DFC2722DBBD,871,False,,
REC00487,992952/54/8,Kondwani,Simamba,1976-03-28,F,Livingstone,T002-Kitwe,94AF69622991,487,False,,
REC00285,445637/48/1,Alinafe,Simuunza,1986-01-23,F,Mazabuka,T002-Kitwe,855E835CE3C0,285,False,,
REC00039,465962/18/4,Ezekiel,Phiri,1998-02-17,M,Chipata,T002-Kitwe,636C0C3F66E5,39,False,,
REC00189,972097/46/2,Nkandu,Mutale,1976-12-07,F,Kafue,T003-Ndola,1494DCF721F6,189,False,,
REC00867,757258/69/1,Mubita,Ng'ombe,1976-10-13,M,Kitwe,T003-Ndola,6198C81B06B9,867,False,,
REC00250,153063/47/7,Alinafe,Chisanga,2001-04-30,F,Mongu,T003-Ndola,C7DB0F68A3D7,250,False,,
REC00636,943146/40/9,Katongo,Wina,1985-10-18,M,Kafue,T002-Kitwe,77E5DE729F17,636,False,,
REC00868,410997/64/5,Monde,Sialubalo,2007-01-30,F,Mufulira,T003-Ndola,E6078F9D9FFB,868,False,,
REC00748,286906/30/5,Musonda,Musonda,1972-08-10,M,Mazabuka,T003-Ndola,68651ECFBEF9,748,False,,
REC00554,987110/42/1,Namukolo,Ng'andu,1957-08-15,F,Kabwe,T002-Kitwe,9983093302A1,554,False,,
REC00968,929443/92/3,Mwanachitechi,Chinyama,1971-03-27,M,Mazabuka,T002-Kitwe,B5BCAC958787,29,True,Type2,REC00029
REC00981,309668/58/4,Simamba,Sata,1972-12-31,F,Kabwe,T002-Kitwe,DD8ABB325C57,855,True,Type5,REC00855
REC00877,620438/29/4,Mwaka,Nkumbula,1996-09-27,F,Mazabuka,T003-Ndola,B130F4AA0FCD,877,False,,
REC00393,857524/37/3,Gondwe,Simuunza,1978-07-05,M,Mufulira,T002-Kitwe,B588592657BC,393,False,,
REC00820,976042/37/2,Kapembwa,Libonda,1951-02-09,M,Kitwe,T003-Ndola,AA9B8D1D6EA0,820,False,,
REC00452,319869/41/2,Grace,Mulenga,1986-03-22,F,Chipata,T002-Kitwe,909C6954E1D1,452,False,,
REC00904,161352/28/6,Sitwala,Ng'andu,1957-10-31,M,Choma,T002-Kitwe,D904DB4EE36E,904,False,,
REC00446,794303/60/2,Mwenya,Nyirenda,1946-10-22,F,Chipata,T002-Kitwe,8D340C8B1100,446,False,,
REC00595,370804/33/9,Banda,Mutale,1995-02-03,M,Mufulira,T002-Kitwe,D5BB8928577E,595,False,,
REC00188,469038/74/2,Kondwani,Siluwe,2004-12-22,F,Kabwe,T002-Kitwe,F601A79A6693,188,False,,
REC00679,816412/73/9,Katuta,Kabwe,1962-12-31,M,Mufulira,T001-Lusaka,40173773B748,679,False,,
REC00319,150871/10/7,Chilufya,Chilufya,1950-01-24,M,Kafue,T001-Lusaka,50289EFF9964,319,False,,
REC00985,757258/69/1,Mubita,Ng'ombe,1976-10-13,M,Kitwe,T003-Ndola,80B8F975B706,867,True,Type5,REC00867
REC00180,524068/91/7,Esther,Simamba,1958-07-28,F,Kitwe,T002-Kitwe,5D48D3110ACD,180,False,,
REC00542,532794/87/9,Grace,Mwamba,1997-08-14,F,Kafue,T002-Kitwe,4A50C7C077A9,542,False,,
REC00782,780999/19/5,Chipo,Sakala,1960-02-14,F,Kabwe,T003-Ndola,2DC7E477965F,782,False,,
REC00269,301603/41/5,Dalitso,Kalumba,1966-07-30,F,Chipata,T003-Ndola,FD4E72C369E6,269,False,,
REC00700,143182/50/9,Lubemba,Kamanga,1962-12-21,F,Ndola,T003-Ndola,6C8C70379932,700,False,,
REC00829,523533/18/9,Solomon,Sitwala,1970-11-23,M,Lusaka,T001-Lusaka,DF36675E033C,829,False,,
REC00264,856215/89/7,Nchimunya,Sialubalo,1953-08-01,F,Kafue,T001-Lusaka,7A4A0F7676C1,264,False,,
REC00408,946313/64/5,Mwaka,Bwalya,1979-12-17,F,Kitwe,T003-Ndola,C5E0173F8536,408,False,,
REC00411,102693/15/1,Zulu,Sata,1964-05-13,M,Lusaka,T001-Lusaka,4687027D61C2,411,False,,
REC00284,600646/51/4,Chipo,Ng'ombe,1997-05-26,F,Chipata,T001-Lusaka,1D19A7695F98,284,False,,
REC00477,864201/63/2,Grace,Sakala,1985-11-04,F,Kabwe,T001-Lusaka,C4B9D88A4895,477,False,,
REC00596,571023/87/8,Namoonde,Kasonde,1990-08-01,M,Ndola,T002-Kitwe,CFE0114B65C3,596,False,,
REC00717,880550/30/1,Monde,Namoonde,1974-09-21,F,Mazabuka,T002-Kitwe,B89F7B9DF419,717,False,,
REC00388,755993/49/4,Nchimunya,Mutale,1974-06-16,F,Mazabuka,T002-Kitwe,93E8AAB62736,388,False,,
REC00041,221035/23/9,Chipo,Mwamba,1986-04-15,F,Chipata,T001-Lusaka,4E0C53F45DF2,41,False,,
REC00058,974224/10/5,Hamukoma,Zulu,1960-11-09,M,Livingstone,T002-Kitwe,545A97780F3E,58,False,,
REC00315,332022/28/1,Mwinga,Chanda,1959-07-20,F,Chingola,T002-Kitwe,6A1E23F57FB2,315,False,,
REC00080,736745/24/3,Sitwala,Ng'andu,1955-08-29,F,Kitwe,T002-Kitwe,90DE15CD706A,80,False,,
REC00959,475351/96/8,Chipo,Chinyaama,1958-04-16,M,Mazabuka,T001-Lusaka,5D41F5473D62,688,True,Type1,REC00688
REC00952,526259/25/9,Isaac,Moono,1981-11-03,F,Mansa,T001-Lusaka,65A325D83FEE,425,True,Type1,REC00425
REC00777,895242/95/9,Monde,Kabwe,1946-01-21,F,Choma,T001-Lusaka,7817B07B3D65,777,False,,
REC00148,974190/72/7,Nathan,Nkonde,2001-02-17,M,Lusaka,T002-Kitwe,4FF60F56F1BA,148,False,,
REC00314,203398/70/6,Mary,Namoonde,1968-03-16,F,Solwezi,T001-Lusaka,20EE9C124223,314,False,,
REC00283,525187/64/9,Kamanga,Kalumba,1952-09-17,M,Kitwe,T002-Kitwe,A8DA9A5F12CE,283,False,,
REC00355,536181/20/2,David,Musonda,1983-07-06,M,Ndola,T003-Ndola,A757553A0A89,355,False,,
REC00810,907789/59/4,Elijah,Hichilema,1972-12-19,M,Kabwe,T003-Ndola,896F8B861728,810,False,,
REC00513,853681/89/2,Nathan,Musonda,1964-02-13,M,Kitwe,T002-Kitwe,3B4C52DA0DCA,513,False,,
REC00578,240829/96/6,Moses,Tembo,1977-10-06,M,Kabwe,T002-Kitwe,80D2560C120C,578,False,,
REC00767,299451/53/8,David,Sikazwe,1996-03-11,M,Kafue,T003-Ndola,C895BCCF6E7D,767,False,,
REC00056,799287/62/6,Hamukoma,Sikazwe,1982-04-08,M,Kasama,T002-Kitwe,0B645D742F6D,56,False,,
REC00404,865416/40/1,Sialubalo,Nkumbula,1970-10-07,M,Kitwe,T001-Lusaka,8CB42A82FA1A,404,False,,
REC00815,385831/52/5,Simainga,Kalumba,1951-07-08,F,Mansa,T002-Kitwe,B5C4B5C7C55A,815,False,,
REC00521,520245/61/8,Monde,Ng'ombe,1999-10-20,F,Kafue,T002-Kitwe,2E759A7ED581,521,False,,
REC00374,887842/41/5,Chipo,Sata,1951-05-16,F,Kabwe,T001-Lusaka,1891E43D3A61,374,False,,
REC00220,425138/75/7,Mbewe,Chanda,1981-09-13,M,Kabwe,T003-Ndola,A8DE1C42EB35,220,False,,
REC00756,450006/54/9,Nathan,Lungu,2005-12-07,M,Livingstone,T003-Ndola,09F5CB3C331D,756,False,,
REC00372,676429/75/2,Esther,Sata,1965-07-30,F,Kitwe,T003-Ndola,88ED6FEC542F,372,False,,
REC00134,934794/15/6,Chisanga,Simuunza,1979-01-05,M,Chipata,T003-Ndola,F9FA5DACEBB7,134,True,Type4,REC00046
REC00869,871501/17/9,Kalunga,Kalumba,1979-11-24,M,Solwezi,T003-Ndola,C470EC25699A,869,False,,
REC00668,769536/48/4,Mumba,Phiri,1966-11-04,M,Choma,T002-Kitwe,AC9D341EF492,668,False,,
REC00304,388519/17/9,Mwale,Lungu,1983-01-21,M,Choma,T003-Ndola,3A5EC9717C03,304,False,,
REC00069,258157/39/7,Ruth,Kasonde,1997-08-07,F,Ndola,T003-Ndola,4F353EBED33F,69,False,,
REC00570,935474/79/5,Chisomo,Sata,1974-12-08,M,Ndola,T003-Ndola,6E0CB571785F,570,False,,
REC00814,656011/97/1,Choolwe,Sachitembe,1981-09-10,F,Choma,T001-Lusaka,B4E7CB020B25,814,False,,
REC00492,787237/73/5,Namukolo,Wina,2007-09-24,F,Choma,T002-Kitwe,4CD5783B1B99,492,False,,
REC00237,741674/21/2,Faith,Mbanga,1998-05-16,F,Mongu,T002-Kitwe,086A35C9E590,237,False,,
REC00267,643878/36/9,Lubemba,Kaunda,1997-08-17,F,Mazabuka,T002-Kitwe,F1F05A0E823D,267,False,,
REC00987,698388/83/3,Naomi,Sikazwe,1960-02-08,M,Lusaka,T001-Lusaka,4D014D4E9EA5,694,True,Type5,REC00694
REC00699,883997/93/1,Mwinga,Kapembwa,1989-09-03,F,Mansa,T003-Ndola,CB6A3BF063AB,699,False,,
REC00730,560623/88/8,Nyirenda,Chilufya,1994-02-16,M,Solwezi,T003-Ndola,D1FA8E8DF690,730,False,,
REC00614,771394/73/8,Mercy,Mutale,1994-04-16,F,Livingstone,T001-Lusaka,6C6480B43374,614,False,,
REC00113,364659/51/2,Daniel,Kasonde,1981-10-18,M,Kafue,T002-Kitwe,C05A4A744D80,113,False,,
REC00962,597920/97/4,Libonda,Mutale,1972-12-30,M,Solwezi,T002-Kitwe,C07BBBF5CD13,384,True,Type2,REC00384
REC00245,622230/90/9,Joy,Chinyama,2007-04-19,F,Mazabuka,T002-Kitwe,8E59E6970E8E,245,False,,
REC00597,933215/84/3,Kalumba,Libonda,1997-03-18,M,Mazabuka,T003-Ndola,0C7B326AAB6F,597,False,,
REC00325,968286/20/1,Mwale,Kamanga,1948-08-24,M,Mongu,T001-Lusaka,770FE163BB4C,325,False,,
REC00912,809147/92/7,Sitwala,Mwamba,1970-05-14,F,Kasama,T001-Lusaka,C0751ECF735C,912,True,Type4,REC00527
REC00501,104942/67/5,Mwanachitechi,Chinyama,2004-10-23,M,Mansa,T001-Lusaka,AD98D60BEDF3,501,False,,
REC00965,194634/40/5,Sikazwe,Hichilema,1984-01-08,M,Choma,T002-Kitwe,6A860336840B,398,True,Type2,REC00398
REC00208,347231/59/2,Nkonde,Sikazwe,1976-06-19,M,Livingstone,T002-Kitwe,5E4C75EBE9F7,208,False,,
REC00762,447832/55/2,Nyirenda,Mulonga,1948-07-07,M,Chipata,T001-Lusaka,7060B6C01BF8,762,False,,
REC00140,924718/79/6,Thandiwe,Kabwe,1998-02-27,F,Chingola,T003-Ndola,3430EEE5D155,140,False,,
REC00691,690500/79/4,Moono,Libonda,1988-06-02,F,Mansa,T002-Kitwe,C8377BEEBEBC,691,False,,
REC00923,644973/27/8,Mwaka,Moono,2000-02-13,F,Kasama,T002-Kitwe,ECCDA6020100,923,False,,
REC00125,651499/68/1,Chipo,Simuunza,2001-01-25,F,Ndola,T003-Ndola,98F6D4E7A388,125,False,,
REC00547,400538/97/5,Mbewe,Tembo,1995-07-30,M,Kafue,T001-Lusaka,B0C953D192B6,547,False,,
REC00181,940247/89/8,Chama,Sakala,1994-08-06,F,Choma,T003-Ndola,9D532616A1B5,181,False,,
REC00417,617326/35/9,Joseph,Nyirenda,1956-12-06,M,Ndola,T001-Lusaka,842CDF92819A,417,False,,
REC00392,772741/96/3,Namukolo,Mwale,1998-01-26,F,Chingola,T001-Lusaka,0CC8F468A0C1,392,False,,
REC00779,334665/28/5,Faith,Sitwala,1989-03-24,F,Mongu,T002-Kitwe,4F20992AA2EA,779,False,,
REC00357,574425/50/2,Chipo,Simuunza,1947-07-04,F,Lusaka,T002-Kitwe,9DDA51777573,357,False,,
REC00395,775933/20/4,Namukolo,Banda,1985-03-02,F,Mufulira,T003-Ndola,811B1DCD5718,395,False,,
REC00800,606743/57/2,Nkandu,Chanda,1959-01-16,F,Kabwe,T003-Ndola,782A33049FBC,800,False,,
REC00204,627335/77/7,Faith,Gondwe,1975-10-03,F,Kafue,T001-Lusaka,E969981BBB36,204,False,,
REC00112,827369/73/5,Tembo,Mvula,1973-01-31,M,Mongu,T003-Ndola,FBA4058A686B,112,False,,
REC00539,633025/32/3,Moses,Siluwe,1966-09-09,M,Kafue,T003-Ndola,401901957826,539,False,,
REC00856,326665/88/8,Lubemba,Simamba,1997-01-04,F,Mongu,T001-Lusaka,C6032815F1CD,856,False,,
REC00362,483561/51/4,Kabwe,Mutinta,1993-03-29,M,Kitwe,T002-Kitwe,FDF8D49B1981,362,False,,
REC00947,950874/95/6,Siluwe,Namoonde,1964-11-28,M,Mufulira,T001-Lusaka,40C31226FC5E,947,False,,
REC00870,587957/89/1,Chibwe,Mwale,1977-03-20,M,Solwezi,T002-Kitwe,2C24DEF3E8F4,870,False,,
REC00553,225151/58/1,Sakala,Ng'ombe,1963-12-01,M,Chipata,T002-Kitwe,5B8B1B994771,553,False,,
REC00514,309452/43/9,Elijah,Kabwe,1955-05-19,M,Solwezi,T001-Lusaka,E71C41420CB5,514,False,,
REC00705,379190/65/6,Simuunza,Banda,2003-08-03,M,Choma,T003-Ndola,873C241BB331,705,False,,
REC00753,372273/77/6,Simainga,Libonda,1981-08-15,F,Mufulira,T001-Lusaka,DE70763EFFEB,753,False,,
REC00778,952336/99/8,Esther,Mwamba,2001-09-05,F,Kabwe,T001-Lusaka,5D61A0C8BEAD,778,False,,
REC00963,735242/14/1,Mulonga,Kamanga,1953-02-11,F,Chipata,T003-Ndola,2D54705BF61B,733,True,Type2,REC00733
REC00561,610451/15/5,Mary,Sikazwe,1970-01-15,F,Livingstone,T003-Ndola,73D475E3EB56,561,False,,
REC00078,359295/35/1,Kasonde,Hichilema,2007-03-26,M,Ndola,T003-Ndola,7829639D9371,78,False,,
REC00389,599968/19/3,Katongo,Mulenga,1990-11-13,M,Livingstone,T003-Ndola,A7A91FA40378,389,False,,
REC00435,746947/41/5,Chilufya,Kalumba,1954-06-19,M,Mongu,T002-Kitwe,3759CC32DCD4,435,False,,
REC00195,858889/94/3,Katuta,Gondwe,1987-05-29,M,Kitwe,T002-Kitwe,D838D006D1E3,195,False,,
REC00758,449472/53/7,Mutinta,Kapembwa,1948-06-26,F,Mufulira,T003-Ndola,4E1A1264452E,758,False,,
REC00522,935620/31/2,Hope,Lungu,1951-10-21,F,Kasama,T001-Lusaka,CBECF856D85A,522,False,,
REC00439,474795/84/4,Lubemba,Sitwala,1962-07-08,F,Kitwe,T001-Lusaka,39F65A3E65E2,439,False,,
REC00718,347678/74/5,Namoonde,Chinyama,1982-11-22,F,Mazabuka,T001-Lusaka,7DDA9C63E1E6,718,False,,
REC00631,819678/32/8,Ezekiel,Mbewe,1974-09-10,M,Kasama,T001-Lusaka,D8C907B57E97,631,False,,
REC00050,960394/39/4,Daniel,Mbewe,1982-08-20,M,Mazabuka,T001-Lusaka,E6331392CF41,50,False,,
REC00095,478411/32/5,Mvula,Gondwe,1989-08-09,M,Kasama,T001-Lusaka,0EA2E24B95ED,95,False,,
REC00340,860053/81/4,Mwinga,Mwale,2002-06-01,F,Chingola,T003-Ndola,C847F7D85BCB,340,False,,
REC00160,575755/74/7,Mercy,Sialubalo,1983-07-23,F,Mansa,T001-Lusaka,5EFF85538C2D,160,False,,
REC00635,393212/67/3,Sitwala,Nyirenda,1974-01-28,F,Ndola,T003-Ndola,3EAB4F26725C,635,False,,
REC00861,977646/69/5,Mphatso,Siluwe,1967-07-15,F,Kasama,T001-Lusaka,D65F90A34C68,861,False,,
REC00100,336650/76/7,Mercy,Libonda,1954-07-14,F,Choma,T002-Kitwe,B198D623F8D4,100,False,,
REC00983,796503/52/6,Wamunyima,Simamba,2003-09-27,M,Kafue,T003-Ndola,E46BE07C1AF8,55,True,Type5,REC00055
REC00574,176697/47/2,Joseph,Nkonde,1960-09-13,M,Kitwe,T002-Kitwe,04DACED97593,574,False,,
REC00797,546383/89/3,Faith,Nkumbula,1955-10-16,F,Chingola,T002-Kitwe,A5FD6A03A85F,797,False,,
REC00091,524045/98/4,Chimfwembe,Gondwe,1990-02-18,M,Mazabuka,T002-Kitwe,29F39D6C7A11,91,False,,
REC00855,309668/58/4,Simamba,Sata,1972-12-31,M,Kabwe,T001-Lusaka,6660120AABF0,855,False,,
REC00549,922405/99/5,Katuta,Banda,1964-03-06,M,Mazabuka,T003-Ndola,705062FEEFB2,549,False,,
REC00008,205907/58/5,Sikazwe,Kasonde,1989-02-16,M,Mazabuka,T002-Kitwe,D5CEAFDE3927,8,False,,
REC00177,225812/10/8,Moono,Gondwe,1980-07-30,M,Mongu,T003-Ndola,61FB896AACB2,177,False,,
REC00885,460549/28/6,Chilufya,Mubita,1981-07-31,M,Chingola,T002-Kitwe,02F6E170F146,885,False,,
REC00942,474725/62/6,Chipo,Simamba,1979-01-19,F,Mazabuka,T001-Lusaka,5B1D415B6636,942,False,,
REC00580,305973/43/2,Mutinta,Mwamba,1961-09-10,M,Kitwe,T003-Ndola,5BA82618B13A,580,False,,
REC00101,420214/82/1,Wamunyima,Siluwe,1971-07-18,F,Kasama,T003-Ndola,D465FC1A89BD,101,False,,
REC00335,936821/41/2,Kabaso,Kalumba,1983-07-08,F,Chipata,T001-Lusaka,B120213797BE,335,False,,
REC00202,854540/40/8,Kalumba,Nyirenda,1949-05-02,M,Chipata,T003-Ndola,53213832496F,202,False,,
REC00336,261771/59/6,Chinyama,Kaunda,1953-02-22,M,Kitwe,T002-Kitwe,7DFAE7FF77DA,336,False,,
REC00045,975136/57/9,Phiri,Mutinta,2006-10-13,M,Mongu,T001-Lusaka,1C1814AE9E2B,45,False,,
REC00003,835392/79/7,Mbewe,Kaunda,1951-09-17,M,Kabwe,T001-Lusaka,D61E8CCB89F9,3,False,,
REC00750,984274/80/2,Choolwe,Chilufya,1971-09-05,F,Kabwe,T002-Kitwe,A18EAA19DEB3,750,False,,
REC00282,114768/53/5,Dalitso,Kaunda,1993-04-23,F,Mazabuka,T003-Ndola,A1C62D67BA32,282,False,,
REC00280,772464/79/9,Mulonga,Gondwe,1969-04-02,M,Choma,T002-Kitwe,8FE7FBA91F52,280,False,,
REC00479,631413/61/3,Mwamba,Kamanga,1946-05-10,M,Choma,T003-Ndola,8F677E3080D1,479,False,,
REC00289,925618/20/9,Simuunza,Sachitembe,1956-07-24,M,Chingola,T002-Kitwe,DFEBB0E6CFCE,289,False,,
REC00889,810943/80/2,David,Chanda,1997-07-04,M,Lusaka,T002-Kitwe,D5770732B34E,889,False,,
REC00688,475351/96/8,Chipo,Chinyama,1958-04-16,F,Mazabuka,T003-Ndola,C2681BC85C1D,688,False,,
REC00005,498382/22/6,Siluwe,Musonda,2001-09-10,M,Mufulira,T002-Kitwe,EAD1BDA6636E,5,False,,
REC00545,698357/95/7,Naomi,Sitwala,1957-09-23,F,Kasama,T003-Ndola,3297A9A87EE1,545,False,,
REC00333,724540/60/6,Siluwe,Libonda,1954-12-10,M,Mazabuka,T001-Lusaka,96EEA9A75322,333,False,,
REC00118,633590/44/7,Phiri,Namoonde,1983-10-31,M,Kabwe,T002-Kitwe,E2909E96464C,118,False,,
REC00376,274044/88/3,Joy,Chinyama,1971-08-08,F,Kafue,T001-Lusaka,BD0AC92D39DD,376,False,,
REC00397,921875/40/8,Takondwa,Nkonde,2005-02-12,F,Kitwe,T002-Kitwe,09AB37F6D730,397,False,,
REC00083,793655/57/2,Muketoi,Mutinta,1971-08-01,M,Mazabuka,T003-Ndola,07C4EE4763A8,83,False,,
REC00170,520252/18/3,Banda,Mulonga,1951-01-16,M,Mazabuka,T003-Ndola,EE26DFA5D1C9,170,False,,
REC00512,793805/22/9,Bwalya,Kamanga,1972-04-03,M,Mufulira,T002-Kitwe,0E280D541E65,512,False,,
REC00279,139286/11/5,Thandiwe,Sata,1984-01-17,F,Mufulira,T003-Ndola,35126621953B,279,False,,
REC00628,795650/73/1,Mumba,Kasonde,1949-05-20,M,Lusaka,T003-Ndola,A96E5546A008,628,False,,
REC00182,355135/65/7,Kabaso,Simamba,2000-07-08,F,Kitwe,T003-Ndola,21E1E6769EFE,182,False,,
REC00458,529161/99/9,Mulonga,Mumba,1992-12-20,M,Choma,T003-Ndola,5CB4499A1F3E,458,False,,
REC00358,214675/96/3,Chanda,Mvula,1951-11-19,M,Livingstone,T003-Ndola,9377B3715AF0,358,False,,
REC00610,205149/37/9,Isaac,Nkumbula,1995-07-02,M,Mansa,T002-Kitwe,3DAE56F2D2D7,610,False,,
REC00711,886804/43/9,Nyirenda,Mutinta,1963-01-26,M,Mufulira,T002-Kitwe,66E100166232,711,False,,
REC00911,222227/26/1,Nathan,Moono,2003-02-28,M,Solwezi,T002-Kitwe,02700B414B0D,911,False,,
REC00550,926394/97/6,Chinyama,Mwale,1972-08-22,M,Lusaka,T003-Ndola,0F17AEBDB57F,550,False,,
REC00416,405759/82/5,Mutinta,Nyirenda,1992-01-05,F,Mufulira,T003-Ndola,789B01302372,416,False,,
REC00745,183262/86/1,Faith,Lungu,1970-05-16,F,Choma,T001-Lusaka,DD2AAD0DEDBF,745,False,,
REC00564,261223/13/8,Mwenya,Sata,1948-06-19,F,Solwezi,T003-Ndola,C83E86654142,564,False,,
REC00588,697856/32/7,Dalitso,Siluwe,1961-03-06,F,Mongu,T003-Ndola,249E4AADDD74,588,False,,
REC00825,287110/92/8,Chisomo,Kalumba,1974-10-16,F,Ndola,T001-Lusaka,07467597BF10,825,False,,
REC00186,896788/84/8,Faith,Hichilema,1959-06-10,F,Choma,T003-Ndola,DC5F170BD2D3,186,False,,
REC00036,539589/94/9,Kasonde,Kalumba,2002-08-29,M,Choma,T002-Kitwe,27EB49D23091,36,False,,
REC00741,257380/30/3,Mulonga,Mulonga,1950-11-05,M,Mansa,T001-Lusaka,258D3E77CB51,741,False,,
REC00407,275073/57/3,Martha,Sialubalo,1986-10-03,F,Mansa,T003-Ndola,20900C053BB9,407,False,,
REC00794,671598/37/3,Siyanza,Mwale,1970-12-21,F,Ndola,T002-Kitwe,B60664523F26,794,False,,
REC00813,656208/65/1,Hope,Phiri,1996-12-28,F,Choma,T002-Kitwe,941B2CF0D833,813,False,,
REC00384,438548/46/6,Mphatso,Namoonde,1985-12-03,F,Mufulira,T003-Ndola,4D2D99F26339,384,False,,
REC00018,632342/23/5,Sitwala,Sikazwe,1993-12-26,M,Chingola,T003-Ndola,BB4B5A6463D3,18,False,,
REC00145,166287/91/8,Joy,Kalunga,1951-11-29,F,Chipata,T003-Ndola,0CF2AFE9718F,145,False,,
REC00137,736553/55/4,Elijah,Gondwe,1989-05-15,M,Livingstone,T003-Ndola,7A0A6D96B560,137,False,,
REC00977,233051/99/3,Lubemba,Tembo,1968-12-13,F,Ndola,T003-Ndola,A32737D49468,379,True,Type3,REC00379
REC00496,334176/49/7,Kabaso,Kalunga,1978-02-21,F,Solwezi,T002-Kitwe,D9F413B22358,496,False,,
REC00735,583757/31/7,Siyanza,Kamanga,1984-05-13,F,Mufulira,T002-Kitwe,705111C97075,735,False,,
REC00838,148026/41/3,Chama,Sitwala,1954-07-16,F,Ndola,T001-Lusaka,368348245740,838,False,,
REC00891,123643/20/9,Mwale,Tembo,1992-06-15,M,Mazabuka,T002-Kitwe,B7B467E75652,891,False,,
REC00222,558176/61/8,Kondwani,Kapembwa,1976-12-30,F,Solwezi,T002-Kitwe,B49F6CEBAF41,222,False,,
REC00736,694316/70/5,Banda,Moono,1952-01-19,M,Ndola,T001-Lusaka,9A41B67A9004,736,True,Type4,REC00328
REC00055,796503/52/6,Wamunyima,Simamba,2003-09-27,M,Kafue,T003-Ndola,903D4FD4E2DF,55,False,,
REC00162,427704/95/5,Chipo,Sakala,1971-09-23,F,Ndola,T002-Kitwe,D14578332138,162,False,,
REC00418,667851/54/1,Kalumba,Bwalya,1989-02-10,M,Lusaka,T002-Kitwe,BFCE111C5B03,418,False,,
REC00811,156964/92/5,Nyirenda,Mulonga,1979-01-21,M,Lusaka,T001-Lusaka,69ACEC5EBC04,811,False,,
REC00098,219629/18/7,Musonda,Phiri,1967-02-26,M,Kitwe,T002-Kitwe,AED56BFA846E,98,False,,
REC00563,911159/37/7,Nyirenda,Mubita,1953-07-16,M,Livingstone,T001-Lusaka,D670FD2FAF6B,563,False,,
REC00872,836984/36/4,David,Sata,1957-12-20,M,Solwezi,T002-Kitwe,00F215A2BEA3,872,False,,
REC00989,461083/60/3,Dalitso,Kamanga,1958-03-11,M,Kitwe,T001-Lusaka,021CEEF7BDA6,609,True,Type5,REC00609
REC00154,928358/40/6,Kunda,Mulenga,1977-11-16,M,Ndola,T001-Lusaka,E580761802A2,154,False,,
REC00070,446954/79/8,Mwamba,Lungu,1973-06-12,M,Lusaka,T002-Kitwe,A5F41427F353,70,False,,
REC00661,123205/33/2,Phiri,Mutale,1962-01-08,M,Chipata,T002-Kitwe,67ECC21A6278,661,False,,
REC00016,654816/42/9,Choolwe,Libonda,1968-01-09,F,Mazabuka,T001-Lusaka,136DD1B75F54,16,False,,
REC00603,943706/99/2,Choolwe,Mbewe,1957-03-03,F,Ndola,T002-Kitwe,28677AC733F1,603,False,,
REC00747,995304/14/5,Muketoi,Chanda,1996-12-21,M,Choma,T002-Kitwe,97526A92EA1C,747,False,,
REC00510,785315/12/1,Musonda,Mubita,2000-04-25,M,Kitwe,T003-Ndola,B4AF3DBEA915,510,False,,
REC00075,242291/69/3,Kalunga,Nkonde,1971-07-25,M,Chipata,T001-Lusaka,64B085E208F4,75,False,,
REC00360,553125/60/1,Sakala,Chinyama,1951-01-17,M,Mufulira,T003-Ndola,140831FEF716,360,False,,
REC00937,791442/48/3,Chilufya,Ng'ombe,1960-01-28,M,Mongu,T002-Kitwe,ACDC22AB43B8,937,False,,
REC00119,502219/34/9,Daniel,Mbanga,1997-01-14,M,Choma,T003-Ndola,4640801E917B,119,False,,
REC00882,255544/55/5,Sitwala,Gondwe,2005-10-08,F,Ndola,T002-Kitwe,F7F12D3E1791,882,False,,
REC00001,356787/38/3,Mutale,Sata,1985-05-04,M,Kitwe,T003-Ndola,64E4CCDE7879,1,False,,
REC00590,931161/71/1,Namoonde,Mbewe,1966-05-03,F,Choma,T003-Ndola,91F47C635577,590,False,,
REC00116,227324/13/4,Grace,Nkumbula,1966-07-12,F,Ndola,T003-Ndola,940180FC9908,116,False,,
REC00964,951706/97/2,Solomon,Zulu,1978-06-17,F,Kafue,T002-Kitwe,84EF9029F187,394,True,Type2,REC00394
REC00649,786641/59/5,Joy,Chisanga,2002-06-14,F,Livingstone,T001-Lusaka,CB715AA72044,649,False,,
REC00451,435039/31/2,Mwenya,Banda,1978-11-25,F,Mazabuka,T003-Ndola,62F7585DE965,451,False,,
REC00345,242736/48/6,Simainga,Nkonde,1956-09-08,F,Kasama,T003-Ndola,400AFB1216D0,345,False,,
REC00509,782141/14/7,Mumba,Nyirenda,1946-03-21,M,Chipata,T003-Ndola,CCC22C7D9A1F,509,False,,
REC00984,930307/91/8,Namukolo,Ng'andu,1970-10-27,M,Solwezi,T001-Lusaka,887B68F3CC82,447,True,Type5,REC00447
REC00902,881782/56/8,Charity,Chilufya,1956-04-14,F,Mongu,T003-Ndola,2C690FEF2CBC,902,False,,
REC00332,156304/22/7,Ezekiel,Sata,1978-12-26,M,Kafue,T001-Lusaka,5437147BF5A9,332,False,,
REC00809,134697/53/2,Solomon,Ng'ombe,1962-09-13,M,Mufulira,T001-Lusaka,B40682646566,809,False,,
REC00546,211642/13/7,Simainga,Mulenga,1963-02-13,F,Lusaka,T001-Lusaka,F485D936A21D,546,False,,
REC00037,350280/43/7,Mphatso,Mubita,1981-10-29,F,Mazabuka,T001-Lusaka,AE2B32218CC5,37,False,,
REC00697,836989/83/2,Thandiwe,Namoonde,1948-02-24,F,Mazabuka,T003-Ndola,C5EB66939BAB,697,False,,
REC00201,971728/98/3,Kapulula,Ng'andu,1993-10-16,F,Kabwe,T003-Ndola,F0985DE744A4,201,False,,
REC00640,687569/81/5,Dalitso,Nyirenda,1977-09-09,F,Lusaka,T002-Kitwe,D8081300A669,640,False,,
REC00257,224582/26/2,Joy,Sachitembe,1955-03-13,F,Solwezi,T002-Kitwe,45B882819FFD,257,False,,
REC00726,342128/86/4,Mercy,Mulonga,1955-01-29,F,Mazabuka,T001-Lusaka,60057824FADC,726,False,,
REC00946,438083/83/2,Choolwe,Mulonga,1974-12-31,F,Kitwe,T002-Kitwe,2E2753C15ACA,946,False,,
REC00729,382967/62/4,Chilufya,Lungu,2008-09-01,M,Mazabuka,T003-Ndola,1AD3A3F6BF8A,729,False,,
REC00905,385915/56/7,Libonda,Ng'andu,2005-04-08,M,Choma,T003-Ndola,8097E78BA538,905,False,,
REC00065,800005/77/9,Daniel,Mwamba,1968-04-30,M,Solwezi,T003-Ndola,4D028FD9631A,65,False,,
REC00527,809147/92/7,David,Mbewe,1950-06-21,M,Kafue,T001-Lusaka,E5E0585D87C3,527,False,,
REC00647,516332/23/2,Kabaso,Mumba,1995-01-15,F,Choma,T001-Lusaka,BE6FE1DE7DBC,647,False,,
REC00276,526673/93/8,Mulenga,Mbanga,1995-11-05,M,Mazabuka,T002-Kitwe,99F4DA84F2F4,276,False,,
REC00573,746850/42/4,Tembo,Ng'ombe,1990-03-17,M,Ndola,T001-Lusaka,F8D2682C2F81,573,False,,
REC00468,281276/31/4,Mumba,Hichilema,1969-09-23,M,Ndola,T001-Lusaka,A5D5F4EBABF0,468,False,,
REC00851,481884/46/4,Kasonde,Mutale,1952-02-29,M,Chipata,T002-Kitwe,190AD03A8FA4,851,False,,
REC00598,459316/68/2,Nchimunya,Wina,1948-07-04,F,Mongu,T001-Lusaka,F8CEE88B2046,598,False,,
REC00537,851606/53/2,Mphatso,Moono,1992-12-01,F,Lusaka,T002-Kitwe,362E854E993F,537,False,,
REC00034,712554/71/9,Mwanachitechi,Mutale,2005-07-07,M,Ndola,T003-Ndola,2B33D5283E66,34,False,,
REC00327,613425/29/8,Elijah,Simamba,1952-02-27,M,Choma,T003-Ndola,9AC5A22B145B,327,True,Type4,REC00121
REC00804,541467/55/5,Esther,Wina,1980-04-09,F,Ndola,T002-Kitwe,C8DBD5AFFF36,804,False,,
REC00352,742439/15/7,Libonda,Ng'andu,1951-12-21,M,Mansa,T002-Kitwe,DCDAF9F731E7,352,False,,
REC00494,631958/48/3,Samuel,Mubita,1977-11-07,M,Choma,T003-Ndola,845491064669,494,False,,
REC00138,757937/92/1,Namukolo,Chinyama,2001-04-19,F,Mansa,T002-Kitwe,8F18526DB049,138,False,,
REC00313,659572/93/6,Takondwa,Mwale,1968-03-08,F,Chipata,T002-Kitwe,F3F7D5C64BDC,313,False,,
REC00198,119116/56/5,Emmanuel,Sikazwe,1977-07-21,M,Livingstone,T001-Lusaka,10A082DF40BD,198,False,,
REC00390,460263/25/7,Mutinta,Mulenga,1947-08-11,F,Ndola,T003-Ndola,4080F13FB1BC,390,False,,
REC00880,787614/92/6,Mwinga,Siluwe,1979-04-06,F,Mufulira,T002-Kitwe,65F9551435A8,880,False,,
REC00253,151021/16/5,Kalinde,Siluwe,1978-05-10,M,Mufulira,T002-Kitwe,E42ADBA92D17,253,False,,
REC00122,495533/68/6,Monde,Mbanga,1961-04-05,F,Kasama,T001-Lusaka,269904B29D60,122,False,,
REC00123,145767/50/8,Katuta,Kalunga,1973-02-28,M,Choma,T003-Ndola,38D34B33A8C8,123,False,,
REC00683,735388/19/1,Lubemba,Nyirenda,1990-03-19,F,Mazabuka,T001-Lusaka,F85009C83436,683,False,,
REC00027,946721/62/4,Samuel,Banda,1967-08-01,M,Kitwe,T001-Lusaka,449A3506ECDF,27,False,,
REC00386,562721/68/1,Chama,Kapembwa,1995-11-04,F,Livingstone,T002-Kitwe,6357F3137ABB,386,False,,
REC00803,661023/11/8,Joy,Mutale,1979-03-12,F,Chingola,T002-Kitwe,F098E556C2D5,803,False,,
REC00689,676680/61/9,Chipo,Ng'andu,1993-10-30,F,Mazabuka,T002-Kitwe,D99BE358EA41,689,False,,
REC00696,696707/37/2,Kabaso,Mulonga,1974-02-23,F,Solwezi,T003-Ndola,52B588974681,696,False,,
REC00212,150068/40/7,Alinafe,Kamanga,1999-01-31,F,Mansa,T003-Ndola,021B76612CD1,212,False,,
REC00421,708982/22/9,Faith,Sata,2002-05-25,F,Mazabuka,T001-Lusaka,2D89D98C76F0,421,False,,
REC00566,573039/90/7,Sitwala,Lungu,1975-03-15,M,Solwezi,T002-Kitwe,EB10A1A71229,566,False,,
REC00901,821255/92/4,Mwinga,Ng'ombe,1965-11-19,F,Kitwe,T001-Lusaka,11E905A3270F,901,False,,
REC00200,139581/94/6,Ezekiel,Mutinta,1962-10-11,M,Ndola,T003-Ndola,25729DAEC970,200,False,,
REC00948,621091/91/2,Sitwala,Simamba,1991-11-30,F,Livingstone,T003-Ndola,5B76FA1DD6A2,948,False,,
REC00030,179046/66/9,Mutinta,Moono,1987-08-09,M,Lusaka,T001-Lusaka,274674DCA050,30,False,,
REC00883,980103/98/3,Namoonde,Ng'ombe,1994-04-13,M,Livingstone,T001-Lusaka,D3381CC6D755,883,False,,
REC00321,116495/10/9,David,Mubita,1966-03-31,M,Mongu,T003-Ndola,83531A73028E,321,False,,
REC00531,621533/93/1,Grace,Sakala,1999-05-14,F,Mongu,T001-Lusaka,F0CD86CFE4E5,531,False,,
REC00780,611187/13/2,Mulonga,Sakala,1969-05-07,M,Kitwe,T002-Kitwe,D4780A8C4B4B,780,False,,
REC00812,416006/70/9,Joseph,Zulu,1967-04-16,M,Mongu,T001-Lusaka,67491CB1DD20,812,False,,
REC00209,451577/28/3,Mwanachitechi,Musonda,1951-09-15,M,Chipata,T001-Lusaka,7D34C76B7EF3,209,False,,
REC00641,734992/35/9,Mwaka,Mbewe,1949-01-17,F,Mansa,T001-Lusaka,FDBAC74B8B61,641,False,,
REC00710,594078/12/6,Mwaka,Kamanga,1969-08-21,F,Kasama,T001-Lusaka,12D6A82EE52A,710,False,,
REC00938,611133/24/8,Sialubalo,Kaunda,1975-02-09,M,Chingola,T003-Ndola,818DD39DE3DE,938,False,,
REC00906,655338/91/2,Lubemba,Gondwe,1983-11-06,F,Livingstone,T003-Ndola,8E83277E933D,906,False,,
REC00976,682959/80/4,Mutale,Zulu,2007-08-06,M,Kabwe,T003-Ndola,78F0E1F8C809,429,True,Type3,REC00429
REC00857,762722/55/5,Namukolo,Moono,1992-08-05,F,Solwezi,T001-Lusaka,0CA18D62A5AE,857,False,,
REC00147,489033/95/9,Chisomo,Mwale,1969-04-26,M,Mufulira,T002-Kitwe,9B756872A3FA,147,False,,
REC00555,725874/16/5,Kasonde,Chisanga,1981-01-26,M,Mansa,T002-Kitwe,18D4D1F71008,555,False,,
REC00351,835716/78/2,Ruth,Chanda,1977-10-04,F,Mansa,T001-Lusaka,D424DEC5C1C5,351,False,,
REC00950,386643/18/9,Katongo,Siluwe,1979-10-18,M,Mongu,T002-Kitwe,DD75B15F3B50,950,False,,
REC00059,437902/69/8,Deborah,Libonda,1951-04-12,F,Mazabuka,T002-Kitwe,06E19EC9AF20,59,False,,
REC00865,475815/47/4,Kalumba,Mumba,1998-02-09,M,Kitwe,T003-Ndola,A7143A2CA2A1,865,False,,
REC00132,352528/73/3,Chinyama,Kalumba,1948-09-23,M,Kabwe,T001-Lusaka,F2C20853FE59,132,False,,
REC00792,487158/80/1,Namukolo,Gondwe,2004-05-31,F,Kasama,T001-Lusaka,C82728BD5BDF,792,False,,
REC00671,908239/21/4,Mercy,Chisanga,1976-09-11,F,Kabwe,T001-Lusaka,CC5474B2F6A2,671,False,,
REC00592,852146/25/4,Tembo,Nyirenda,1956-01-02,M,Mansa,T002-Kitwe,99074A8D251E,592,False,,
REC00655,821179/72/8,Hope,Mutinta,2009-04-08,F,Lusaka,T002-Kitwe,C1B8C004BECC,655,False,,
REC00694,698388/83/3,Naomi,Sikazwe,1960-02-08,F,Lusaka,T001-Lusaka,C3285BD0AAC7,694,False,,
REC00339,725920/86/6,Libonda,Mbanga,2001-08-31,M,Lusaka,T002-Kitwe,0DCA388B2E5F,339,False,,
REC00224,962287/33/9,Kabaso,Simamba,1955-12-19,F,Solwezi,T002-Kitwe,4195826307C2,224,False,,
REC00175,721946/72/9,Namoonde,Sachitembe,1949-02-22,M,Chipata,T003-Ndola,977994149CEE,175,False,,
REC00012,322955/93/8,Kalinde,Mulonga,1981-10-13,M,Choma,T002-Kitwe,30FE70F14BD8,12,False,,
REC00605,706063/76/2,Mulenga,Kaunda,2009-05-17,M,Lusaka,T003-Ndola,26DDB0A5E576,605,False,,
REC00594,234097/83/3,Chama,Banda,2006-02-22,F,Mazabuka,T001-Lusaka,8C346F5B702E,594,False,,
REC00419,655550/40/7,Wamunyima,Musonda,1991-08-10,F,Lusaka,T002-Kitwe,48D5430CDF36,419,False,,
REC00206,900185/30/5,Mumba,Gondwe,2002-06-28,M,Choma,T002-Kitwe,901DB4081CB8,206,False,,
REC00165,886730/64/1,Kalumba,Mbewe,1950-04-29,M,Mufulira,T002-Kitwe,B77081B9A3F7,165,False,,
REC00394,246814/25/7,Mphatso,Kasonde,2000-12-31,F,Mongu,T002-Kitwe,E58F0DF8B6E4,394,False,,
REC00652,691380/65/9,Daniel,Chinyama,1952-12-20,M,Mazabuka,T003-Ndola,AD3E3F9F656F,652,False,,
REC00559,567315/40/4,Chibwe,Mubita,1978-12-22,M,Mazabuka,T001-Lusaka,9F2FEFA86D45,559,False,,
REC00228,267758/13/3,Sitwala,Sikazwe,1949-01-23,F,Mazabuka,T003-Ndola,1481FF23B647,228,False,,
REC00297,663356/60/9,Muketoi,Kapembwa,1994-01-01,M,Kasama,T001-Lusaka,8AFFA372C17A,297,False,,
REC00685,963652/88/5,Sitwala,Kaunda,2004-10-13,F,Lusaka,T003-Ndola,DB2D8E801BE5,685,False,,
REC00764,844321/14/5,Sialubalo,Kaunda,1981-10-19,M,Kitwe,T002-Kitwe,D1C436947311,764,False,,
REC00141,945664/47/6,Nchimunya,Phiri,1966-10-14,F,Kabwe,T001-Lusaka,0D2A6F849130,141,False,,
REC00793,346668/65/7,Mwaka,Gondwe,2007-03-21,F,Solwezi,T003-Ndola,E7035D57F3E0,793,False,,
REC00941,948878/84/1,Kunda,Nyirenda,1978-09-19,M,Solwezi,T003-Ndola,1CDC0F52A952,941,False,,
REC00609,461083/60/3,Dalitso,Kamanga,1958-03-11,F,Kitwe,T003-Ndola,FEFB0999E3FD,609,False,,
REC00338,681687/75/7,Moses,Simuunza,1960-01-17,M,Lusaka,T001-Lusaka,231D02197D41,338,False,,
REC00900,375436/48/8,Mutale,Mulenga,1996-03-12,M,Mazabuka,T001-Lusaka,8A22A6444D6A,900,False,,
REC00010,271339/69/7,Gondwe,Mutinta,1988-01-20,M,Choma,T002-Kitwe,8E3BB1B0692C,10,False,,
REC00258,308727/87/9,Naomi,Nyirenda,1997-01-26,F,Chingola,T002-Kitwe,F49F139F2017,258,False,,
REC00396,315425/76/9,Chama,Mubita,1982-12-14,F,Kasama,T001-Lusaka,99BE090D5C87,396,False,,
REC00888,938416/82/8,Esther,Mubita,1996-10-26,F,Kasama,T002-Kitwe,F6D5CBD43B07,888,False,,
REC00535,647341/57/2,Peace,Gondwe,1960-11-17,F,Choma,T001-Lusaka,4F45CDC903F8,535,False,,
REC00515,674765/73/4,Takondwa,Ng'andu,2006-06-24,F,Choma,T003-Ndola,B2B0B9C67BD7,515,False,,
REC00802,877714/94/2,Simuunza,Sitwala,1953-06-08,M,Mazabuka,T003-Ndola,471933B5ADF6,802,False,,
REC00296,570325/58/7,Nathan,Nyirenda,1975-09-13,M,Mazabuka,T001-Lusaka,5A3F67D508AB,296,False,,
REC00278,978292/32/1,Chilufya,Ng'ombe,1972-07-10,M,Mansa,T002-Kitwe,260120A00092,278,False,,
REC00317,818113/53/5,Elijah,Mbanga,1951-04-15,M,Kasama,T002-Kitwe,1A9826C624A9,317,False,,
REC00727,917707/71/3,Libonda,Kasonde,1948-04-11,M,Kafue,T003-Ndola,CB1AEC73D579,727,False,,
REC00044,678478/64/9,Sitwala,Ng'andu,1970-05-17,M,Kitwe,T001-Lusaka,907AF7F5E582,44,False,,
REC00582,595036/93/3,Sitwala,Mutinta,1961-08-06,M,Mongu,T002-Kitwe,661B4F239B42,582,False,,
REC00330,960778/60/2,Banda,Hichilema,1946-01-27,M,Ndola,T002-Kitwe,CC7E3CF95D10,330,False,,
REC00064,643118/69/1,Yemisi,Ng'ombe,1947-08-01,F,Livingstone,T003-Ndola,8C16722B7311,64,False,,
REC00367,776604/32/9,Peace,Mutinta,1947-10-21,F,Kabwe,T001-Lusaka,C89B15CBF67C,367,False,,
REC00288,491774/63/9,Kapulula,Moono,1955-09-03,F,Mansa,T002-Kitwe,943EE3469D45,288,False,,
REC00401,759104/74/7,Nkonde,Sikazwe,1984-04-24,M,Kasama,T002-Kitwe,3C1B00888545,401,False,,
REC00585,476224/15/4,Banda,Sata,1966-08-21,M,Livingstone,T002-Kitwe,A75D1193F4E3,585,False,,
REC00890,474754/21/6,Joy,Kalunga,1970-01-02,F,Mufulira,T001-Lusaka,865A04FC0AA9,890,False,,
REC00013,358607/81/9,Kapulula,Phiri,1997-06-27,F,Kasama,T002-Kitwe,AFEF348DCDC0,13,False,,
REC00650,237654/77/3,Grace,Chinyama,1998-09-03,F,Lusaka,T001-Lusaka,4B2E856CEF75,650,False,,
REC00085,869440/76/5,Kapulula,Simamba,1994-03-19,F,Mansa,T003-Ndola,33192AAAF946,85,False,,
REC00381,573947/19/2,Peace,Lungu,1976-05-10,F,Chingola,T002-Kitwe,E6118656F4E8,381,False,,
REC00331,447843/59/3,Katuta,Sachitembe,1961-07-08,M,Kasama,T003-Ndola,F4F7010A81F7,331,False,,
REC00143,662636/25/8,Nkonde,Mulenga,1986-04-16,M,Mazabuka,T002-Kitwe,79305112B081,143,False,,
REC00227,770532/17/2,Joy,Simamba,1985-05-20,F,Mazabuka,T003-Ndola,21C09C59B58B,227,False,,
REC00344,448354/89/7,Hamukoma,Mulenga,1974-07-07,M,Kabwe,T002-Kitwe,7B285F3D85BC,344,False,,
REC00919,203919/84/1,Ezekiel,Mulonga,2003-11-19,M,Livingstone,T003-Ndola,77A9C20CCC8A,919,False,,
REC00277,777273/17/2,Namoonde,Sakala,1984-05-29,M,Mufulira,T003-Ndola,4CC99F5120D9,277,False,,
REC00174,891615/75/2,Mwinga,Tembo,1990-09-04,F,Mongu,T002-Kitwe,02082E303C93,174,False,,
REC00478,896386/76/6,Kalumba,Sata,1966-07-21,M,Chingola,T001-Lusaka,F2B8F8196569,478,False,,
REC00728,615318/70/3,Sitwala,Ng'ombe,1975-04-03,F,Livingstone,T001-Lusaka,6878E0931D82,728,False,,
REC00199,244247/29/2,Charity,Kabwe,1989-09-09,F,Kafue,T002-Kitwe,6B393849DEA6,199,False,,
REC00599,312177/76/9,Namukolo,Musonda,2008-07-12,F,Mongu,T003-Ndola,24BFDF1D3D78,599,False,,
REC00380,511776/72/3,Alinafe,Hichilema,1949-05-07,F,Mazabuka,T003-Ndola,F69307BD171B,380,False,,
REC00341,381981/48/5,Chinyama,Ng'andu,1997-07-23,M,Ndola,T002-Kitwe,D5D8CCBAC2FD,341,False,,
REC00544,828038/91/6,Kamanga,Sikazwe,1961-05-06,M,Kitwe,T003-Ndola,07513681C1E6,544,False,,
REC00046,934794/15/6,Kasonde,Kamanga,1977-04-20,M,Mazabuka,T001-Lusaka,980ADECB81C6,46,False,,
REC00979,460971/30/5,Deborah,Mbanga,1957-05-06,F,Kafue,T002-Kitwe,374FC8A8A7B6,483,True,Type3,REC00483
REC00624,834861/43/4,Martha,Mutinta,2009-02-21,F,Kitwe,T002-Kitwe,ED6FAC078481,624,False,,
REC00077,120324/79/1,Dalitso,Kasonde,1967-10-27,F,Livingstone,T002-Kitwe,92C06D2AEB6E,77,False,,
REC00659,291267/27/5,Mwinga,Kabwe,2003-11-15,F,Mazabuka,T001-Lusaka,2D11D7225A45,659,False,,
REC00766,915572/35/2,Chibwe,Nyirenda,2006-08-29,M,Chingola,T002-Kitwe,C8CE83F1A96B,766,False,,
REC00231,781113/45/4,Wamunyima,Zulu,1981-10-23,M,Lusaka,T001-Lusaka,AA193F57DEAB,231,False,,
REC00236,348235/73/1,Mumba,Kabwe,1997-07-22,M,Chingola,T002-Kitwe,124DEDF1C1C1,236,False,,
REC00473,530849/43/7,Namoonde,Mutinta,1979-03-02,M,Kabwe,T003-Ndola,18CCED3F72C2,473,False,,
REC00463,487345/33/8,Thandiwe,Nyirenda,1975-10-17,F,Chipata,T001-Lusaka,D9C7FFF6565F,463,False,,
REC00071,829308/12/7,Nathan,Mwale,1957-08-12,M,Lusaka,T002-Kitwe,657034FF90EE,71,False,,
REC00391,193670/23/2,Mwenya,Kalunga,1975-08-25,F,Solwezi,T002-Kitwe,07FB4C51DD55,391,False,,
REC00068,848206/46/4,Mutinta,Simuunza,2003-01-24,M,Solwezi,T002-Kitwe,2C671673D396,68,False,,
REC00680,437666/24/2,Moono,Lungu,1952-07-07,F,Mazabuka,T003-Ndola,8706E4B53EC3,680,False,,
REC00698,500080/20/1,Nkandu,Wina,1958-04-25,F,Solwezi,T002-Kitwe,E6AC86418A87,698,False,,
REC00909,643341/46/6,Kapulula,Mulenga,1997-09-23,F,Mongu,T002-Kitwe,9A2C83338B94,909,False,,
REC00194,154909/90/6,Monde,Sachitembe,1956-05-17,F,Solwezi,T001-Lusaka,1B064FB1197F,194,False,,
REC00173,385320/66/7,Musonda,Sachitembe,2002-09-11,M,Mufulira,T002-Kitwe,0773D2604419,173,False,,
REC00232,688956/25/5,Elijah,Sialubalo,1975-04-19,M,Kasama,T002-Kitwe,56B410E91F16,232,False,,
REC00961,324509/45/8,Simuunza,Chisanga,1993-04-20,M,Kabwe,T003-Ndola,C766C017088B,434,True,Type2,REC00434
REC00921,294118/66/2,Sitwala,Nkumbula,1957-02-20,F,Kafue,T001-Lusaka,57382F5EB0FE,921,False,,
REC00613,139589/59/7,Sachimba,Kasonde,1955-05-18,M,Mazabuka,T003-Ndola,A6856F6696AD,613,False,,
REC00247,607774/69/4,Tembo,Simuunza,1972-09-22,M,Mufulira,T002-Kitwe,5F4EB74FF906,247,False,,
REC00467,513982/14/9,Samuel,Kamanga,2002-12-06,M,Choma,T003-Ndola,6B05579C81F7,467,False,,
REC00784,953452/98/7,Mwenya,Mvula,1991-05-02,F,Mufulira,T002-Kitwe,9158005D9E47,784,False,,
REC00035,723939/18/4,Kalunga,Ng'ombe,2003-11-13,M,Kitwe,T002-Kitwe,4F9E3BF65BBC,35,False,,
REC00972,846385/99/3,Sikazwe,Kamanga,1968-07-12,M,Chingola,T002-Kitwe,578D1A499F3F,235,True,Type3,REC00235
REC00281,302177/24/6,Ezekiel,Moono,1985-07-15,M,Kasama,T001-Lusaka,E32D70957BBC,281,False,,
REC00581,952117/84/7,Ezekiel,Chinyama,2007-03-20,M,Livingstone,T003-Ndola,3F2F949B4264,581,False,,
REC00002,198246/37/4,Emmanuel,Chanda,2007-05-05,M,Mufulira,T003-Ndola,2CDE0982F859,2,False,,
REC00918,469311/30/9,Mutinta,Siluwe,1978-10-23,M,Mufulira,T003-Ndola,4F50196C30E3,918,False,,
REC00379,233051/99/3,Lubemba,Tembo,1951-03-04,F,Ndola,T001-Lusaka,F4C4D4FA89AB,379,False,,
REC00094,389930/85/9,Mvula,Mumba,1966-07-29,M,Chipata,T003-Ndola,2E6AE509EC36,94,False,,
REC00892,433193/87/9,Nkonde,Kabwe,1966-01-05,M,Choma,T001-Lusaka,01D403B1210A,892,False,,
REC00146,139019/48/8,Mwaka,Mwamba,2005-12-12,F,Kitwe,T001-Lusaka,E0D66FC9C442,146,False,,
REC00429,682959/80/4,Mutale,Zulu,1969-06-12,M,Kabwe,T001-Lusaka,F89944B31582,429,False,,
REC00025,761759/17/4,Mulenga,Chilufya,1946-07-06,M,Choma,T001-Lusaka,74976688ED49,25,False,,
REC00216,766549/59/6,Katuta,Sitwala,2006-02-09,M,Kasama,T002-Kitwe,82496711DB03,216,False,,
REC00482,827968/25/6,Mutale,Banda,1976-08-07,M,Kafue,T001-Lusaka,5818EE91CF7D,482,True,Type4,REC00903
REC00768,962074/76/3,Moono,Chisanga,2001-03-14,F,Kasama,T001-Lusaka,EA8D8028712B,768,False,,
REC00073,557007/72/1,Solomon,Kalunga,1985-07-12,M,Solwezi,T002-Kitwe,51759AED7066,73,False,,
REC00464,977740/44/1,Faith,Phiri,1989-09-19,F,Mansa,T001-Lusaka,57F4A10A35DC,464,False,,
REC00406,243876/99/1,Mumba,Mulenga,1946-07-04,M,Kabwe,T001-Lusaka,3A893FEE1152,406,False,,
REC00808,791174/67/6,Kamanga,Siluwe,1996-06-15,M,Chipata,T001-Lusaka,59511A3775D4,808,False,,
REC00774,174703/49/6,Esther,Banda,1994-08-25,F,Kabwe,T003-Ndola,B54209037C70,774,False,,
REC00896,597667/77/6,Banda,Mumba,1982-10-23,M,Choma,T001-Lusaka,16524B81E6B1,896,False,,
REC00604,397026/86/9,Hope,Kalunga,2002-06-30,F,Chipata,T002-Kitwe,965946656F24,604,False,,
REC00848,104792/81/4,Hamukoma,Mbewe,1972-06-11,M,Kitwe,T001-Lusaka,8E6AD7DB670C,848,False,,
REC00781,395968/54/3,Hope,Moono,1994-09-10,F,Kitwe,T003-Ndola,18B17C2DA90E,781,False,,
REC00935,668787/53/9,Charity,Sikazwe,1986-07-16,F,Lusaka,T003-Ndola,FCD8385ADA91,935,False,,
REC00761,692385/96/6,Lubemba,Sialubalo,1983-02-28,F,Chingola,T003-Ndola,DFA81B6DE8BE,761,False,,
REC00895,271746/64/7,Mwinga,Simuunza,1984-02-14,F,Kafue,T001-Lusaka,D17BAB7291F7,895,False,,
REC00706,544114/56/6,Chibwe,Mubita,1972-11-28,M,Solwezi,T001-Lusaka,E68796568F95,706,False,,
REC00940,903702/46/6,Joy,Sachitembe,1978-05-14,F,Lusaka,T001-Lusaka,38BAA0383C9C,940,False,,
REC00798,472566/38/3,Naomi,Simuunza,1975-07-02,F,Mufulira,T002-Kitwe,10A0646C233E,798,False,,
REC00293,685941/69/5,Faith,Mulonga,2004-11-01,F,Lusaka,T003-Ndola,B3736A57625C,293,False,,
REC00444,100716/52/4,Chanda,Sialubalo,1967-02-18,M,Solwezi,T001-Lusaka,CEBB3F2DEE2A,444,False,,
REC00532,100177/21/5,Nkandu,Mbanga,1960-10-02,F,Chingola,T003-Ndola,45595AB6CD53,532,False,,
REC00057,540869/95/7,Naomi,Mwamba,1992-10-20,F,Kasama,T003-Ndola,00F284A3C766,57,False,,
REC00210,591897/67/1,Namukolo,Hichilema,1946-09-19,F,Lusaka,T001-Lusaka,C5901D221DFB,210,False,,
REC00932,241147/13/2,Charity,Kalunga,1953-08-22,F,Lusaka,T003-Ndola,3468BC49DFE1,932,False,,
REC00556,650916/38/3,Mwenya,Kaunda,1981-07-01,F,Kitwe,T003-Ndola,D729ED7A7FF5,556,False,,
REC00560,369054/79/5,Choolwe,Kapembwa,1975-05-25,F,Choma,T001-Lusaka,6F6E1BA5F42B,560,False,,
REC00943,427260/85/2,Simuunza,Banda,1951-11-15,M,Kitwe,T003-Ndola,A7E94D212ECE,943,False,,
REC00716,580233/81/1,Sakala,Kabwe,1965-02-05,M,Livingstone,T001-Lusaka,1096C4EBA672,716,False,,
REC00845,288128/21/5,Kabaso,Mulenga,2009-05-14,F,Kasama,T002-Kitwe,6C7CE400CB03,845,False,,
REC00383,475623/18/9,Peace,Mubita,1947-06-17,F,Livingstone,T002-Kitwe,2F963BB4B17C,383,False,,
REC00805,373094/17/8,Hamukoma,Wina,1959-06-11,M,Ndola,T003-Ndola,A3F56FC637E4,805,False,,
REC00243,720556/84/3,Ezekiel,Nkonde,1994-11-20,M,Mazabuka,T001-Lusaka,403869EB3627,243,False,,
REC00601,236659/87/9,Chimfwembe,Sitwala,1950-11-10,M,Choma,T001-Lusaka,5E8BDFEFE55E,601,False,,
REC00643,275715/91/6,Faith,Chinyama,1997-01-07,F,Mazabuka,T002-Kitwe,9072429C0B76,643,False,,
REC00724,534152/62/5,Mutale,Hichilema,1981-06-04,M,Kasama,T002-Kitwe,F3E283C2F20B,724,False,,
REC00061,805477/49/4,Kabaso,Hichilema,1988-12-10,F,Ndola,T001-Lusaka,FFEA5835D070,61,False,,
REC00271,974190/72/7,Naomi,Wina,1985-06-25,F,Choma,T002-Kitwe,38B1F791B494,271,True,Type4,REC00148
REC00442,834591/55/3,Deborah,Bwalya,1946-11-27,F,Livingstone,T003-Ndola,29EDB8AC65A4,442,False,,
REC00263,597643/43/4,Peace,Bwalya,1956-06-18,F,Lusaka,T003-Ndola,26D0B07AA694,263,False,,
REC00361,507723/10/4,Isaac,Siluwe,1971-06-24,M,Chipata,T001-Lusaka,7D44E966A773,361,False,,
REC00491,902658/40/1,Chisomo,Chisanga,1963-08-10,F,Mongu,T003-Ndola,09A1F1B7AAF0,491,False,,
REC00235,846385/99/3,Sikazwe,Kamanga,1995-11-19,M,Chingola,T002-Kitwe,490A22970C2F,235,False,,
REC00746,959959/36/1,Joy,Chinyama,1959-12-30,F,Ndola,T001-Lusaka,9BFD2C366D69,746,False,,
REC00772,385898/29/3,Grace,Mubita,1999-06-17,F,Kitwe,T002-Kitwe,2DB29F17F679,772,False,,
REC00667,814544/49/6,Nyirenda,Sitwala,1975-02-08,M,Mazabuka,T001-Lusaka,67C58D25DCF8,667,False,,
REC00259,848255/52/8,Kasonde,Chanda,1997-09-20,M,Kabwe,T003-Ndola,8B998398F59B,259,False,,
REC00074,752483/78/1,Nchimunya,Moono,1998-07-25,F,Mufulira,T002-Kitwe,6C64AC52A11F,74,False,,
REC00878,667735/26/8,Sikazwe,Lungu,1948-10-17,M,Mongu,T002-Kitwe,62E0511E257B,878,False,,
REC00681,132792/35/2,Kasonde,Mwamba,1993-12-27,M,Livingstone,T002-Kitwe,367928372EF5,681,False,,
REC00980,193670/23/2,Mwenya,Kalunga,1967-09-27,F,Solwezi,T003-Ndola,46E7C1057329,391,True,Type3,REC00391
REC00375,223088/40/4,Namoonde,Kasonde,1970-08-16,F,Mufulira,T003-Ndola,B31D013BBB3B,375,False,,
REC00251,856157/50/4,Tembo,Sakala,1958-03-10,M,Kabwe,T001-Lusaka,A375BCD4BC53,251,False,,
REC00569,962057/94/1,Grace,Mwale,1974-07-26,F,Ndola,T002-Kitwe,7BAAA8D62BFE,569,False,,
REC00226,468623/67/1,Nchimunya,Nkumbula,1970-03-11,F,Kafue,T003-Ndola,430E4E32FAE4,226,False,,
REC00847,139448/86/3,Kamanga,Kalumba,1947-12-18,M,Kabwe,T003-Ndola,8328604D43D3,847,False,,
REC00326,158840/91/1,Choolwe,Mbanga,1967-04-24,F,Ndola,T003-Ndola,A71456A3559D,326,False,,
REC00256,177103/59/9,Wamunyima,Mbanga,1984-02-15,M,Mansa,T002-Kitwe,80098E7D8D49,256,False,,
REC00630,234475/16/9,Siyanza,Kalunga,1958-04-12,F,Kabwe,T002-Kitwe,3CCAB80E1C88,630,False,,
REC00136,409571/12/7,Esther,Gondwe,1947-04-13,F,Lusaka,T002-Kitwe,C8CEE0B69B72,136,False,,
REC00721,445280/67/9,Emmanuel,Kamanga,1955-09-15,M,Livingstone,T001-Lusaka,2D10706FACED,721,False,,
REC00557,523013/21/6,Nathan,Mutinta,1961-11-01,M,Choma,T001-Lusaka,FE54B7D16F67,557,False,,
REC00505,427252/26/2,Mwale,Nkumbula,1979-02-14,M,Chingola,T002-Kitwe,DB83DE28A83D,505,False,,
REC00589,641760/42/7,Deborah,Nkonde,2003-01-12,F,Chingola,T001-Lusaka,68BF72F5A6F5,589,False,,
REC00572,419491/36/6,Ruth,Mbanga,2002-05-18,F,Mongu,T001-Lusaka,F4F6C5964040,572,False,,
REC00770,208111/76/5,Mulonga,Moono,2005-11-16,M,Mufulira,T001-Lusaka,27C2954E54F8,770,False,,
REC00620,175902/74/5,Mary,Musonda,1959-11-24,F,Kitwe,T002-Kitwe,829200393D10,620,False,,
REC00270,317346/98/8,Hamukoma,Gondwe,1946-10-10,M,Kabwe,T002-Kitwe,138A423F5EF6,270,False,,
REC00586,144887/95/4,Sitwala,Nyirenda,1989-01-07,M,Choma,T003-Ndola,C32F0ACA7D31,586,False,,
REC00846,770905/44/9,Namukolo,Mumba,1997-03-06,F,Mongu,T002-Kitwe,07B46CE77521,846,False,,
REC00040,417212/88/9,Abraham,Mutinta,1946-11-24,M,Mazabuka,T001-Lusaka,4EC40C61423F,40,False,,
REC00229,347459/92/6,Nkandu,Mwamba,2003-12-25,F,Mongu,T002-Kitwe,0267029FA08F,229,False,,
REC00110,593355/76/8,Esther,Chanda,1994-04-19,F,Ndola,T002-Kitwe,807266C64288,110,False,,
REC00244,185168/15/5,Esther,Chanda,2007-06-21,F,Livingstone,T003-Ndola,CE0D8C7CD2B8,244,False,,
REC00067,980660/91/5,Grace,Phiri,1987-11-01,F,Kabwe,T003-Ndola,2E782062BE8C,67,False,,
REC00455,434198/43/2,Chilufya,Gondwe,2008-03-19,M,Solwezi,T001-Lusaka,FF004FFB1C24,455,False,,
REC00658,351198/76/5,Kabaso,Simamba,1953-11-30,F,Mazabuka,T002-Kitwe,2462DE2543C2,658,False,,
REC00032,102260/59/5,Lubemba,Ng'andu,1976-01-06,F,Chipata,T002-Kitwe,01BF4F0F238F,32,False,,
REC00654,111068/10/9,Dalitso,Chisanga,1982-10-12,F,Solwezi,T001-Lusaka,674E94D328C2,654,False,,
REC00930,893041/92/7,Deborah,Siluwe,1985-07-11,F,Kabwe,T002-Kitwe,1CD6388E882D,930,False,,
REC00562,275526/78/9,Mary,Kasonde,2001-05-28,F,Mazabuka,T001-Lusaka,7B60410022FD,562,False,,
REC00607,692099/56/5,Dalitso,Mutinta,1972-01-06,F,Mongu,T003-Ndola,5DDA45D4661E,607,False,,
REC00218,672536/53/3,Namukolo,Chanda,1978-05-29,F,Kabwe,T003-Ndola,FD2C83BF8248,218,False,,
REC00365,350161/49/2,Chisomo,Sakala,1999-06-10,M,Solwezi,T001-Lusaka,4FF35747D387,365,False,,
REC00076,442722/53/7,Moono,Mumba,1969-03-22,F,Mansa,T002-Kitwe,F292835C88DB,76,False,,
REC00051,172792/45/6,Mubita,Mvula,1985-01-07,M,Chingola,T003-Ndola,B87729FCA75F,51,False,,
REC00725,237935/33/1,Kapulula,Kabwe,2000-06-08,F,Mufulira,T003-Ndola,1696E5595907,725,False,,
REC00185,731661/29/2,Moono,Kabwe,1994-06-13,M,Mansa,T001-Lusaka,5F748378AB79,185,False,,
REC00399,541307/56/9,Namukolo,Mwale,1959-01-09,F,Ndola,T003-Ndola,C4338B7F2273,399,False,,
REC00422,165308/65/3,Mwenya,Siluwe,1959-01-27,F,Chipata,T001-Lusaka,FE76BCAD1B1A,422,False,,
REC00955,237654/77/3,Grace,Chinyama,1998-09-03,M,Lusaka,T003-Ndola,562733BD8AE9,650,True,Type1,REC00650
REC00299,462974/29/5,Yemisi,Banda,1968-09-09,F,Choma,T001-Lusaka,C6BA57A55E46,299,False,,
REC00916,169465/48/1,Mwaka,Phiri,2006-02-17,F,Mansa,T001-Lusaka,09ED173CC5F4,916,False,,
REC00168,807764/92/9,Naomi,Kalumba,1954-12-20,F,Mufulira,T001-Lusaka,A4CBA2860108,168,False,,
REC00054,367095/15/7,Katuta,Mulonga,1992-12-17,M,Chingola,T001-Lusaka,F748CC3D8961,54,False,,
REC00254,988324/23/7,Takondwa,Mutinta,2009-04-13,F,Choma,T001-Lusaka,F99C5DD24B8A,254,False,,
REC00387,197874/93/6,Hamukoma,Ng'andu,1985-06-06,M,Kitwe,T002-Kitwe,73F1F8417AD4,387,False,,
REC00144,489518/23/4,Deborah,Mwale,1952-09-23,F,Lusaka,T002-Kitwe,BB9E3F953FE0,144,False,,
REC00975,459381/72/6,Simainga,Sachitembe,1992-06-24,F,Ndola,T003-Ndola,528C7ED2253E,507,True,Type3,REC00507
REC00307,944917/69/1,Hamukoma,Kaunda,1997-01-23,M,Mongu,T003-Ndola,B8B2C6E93988,307,False,,
REC00359,547080/69/4,Tembo,Mvula,1959-10-15,M,Mazabuka,T002-Kitwe,2728E0362AF6,359,False,,
REC00240,158104/25/9,Kunda,Simamba,1964-11-25,M,Chipata,T001-Lusaka,A87AB7762073,240,False,,
REC00242,677599/45/3,Moono,Kabwe,1953-01-15,M,Chipata,T003-Ndola,2AF18B153147,242,False,,
REC00817,288656/50/9,Siluwe,Sachitembe,1948-02-01,M,Mazabuka,T001-Lusaka,C467456FFA75,817,False,,
REC00465,947438/79/7,Kalunga,Mubita,1979-03-04,M,Livingstone,T003-Ndola,2AC20A11A240,465,False,,
REC00836,525205/25/4,Siluwe,Wina,2006-03-05,M,Mazabuka,T003-Ndola,18A0FF9FBD97,836,False,,
REC00969,641448/93/3,Gondwe,Sata,1989-08-15,M,Mansa,T002-Kitwe,CA80CDB2F56B,322,True,Type2,REC00322
REC00723,684413/78/2,Tembo,Sakala,2003-12-06,M,Solwezi,T001-Lusaka,DD9314DCF469,723,False,,
REC00128,171744/40/5,Ruth,Chanda,1954-08-15,F,Kasama,T001-Lusaka,C0BE9B41FF92,128,False,,
REC00676,388698/86/9,Moono,Wina,1967-12-29,F,Kitwe,T001-Lusaka,69001E28CEF1,676,False,,
REC00127,659543/58/6,Kabaso,Mvula,1949-07-07,F,Kasama,T003-Ndola,818AB8AC7B97,127,False,,
REC00363,428628/86/7,Charity,Sialubalo,1952-09-04,F,Mongu,T003-Ndola,508553C39FD4,363,False,,
REC00823,918656/19/5,Moono,Phiri,1995-06-26,F,Mongu,T001-Lusaka,17D51CD3FA39,823,False,,
REC00842,451801/18/2,Kasonde,Siluwe,1994-06-15,M,Ndola,T002-Kitwe,FCFFC652A25E,842,False,,
REC00608,605904/32/6,Kalumba,Mbanga,1959-12-29,M,Chingola,T003-Ndola,F8BCA528896A,608,False,,
REC00062,740967/19/8,Kasonde,Banda,1967-05-22,M,Choma,T002-Kitwe,EE0F3678C81D,62,False,,
REC00644,460317/39/6,Mwenya,Kasonde,1995-06-25,F,Mazabuka,T002-Kitwe,014FE3439BD8,644,False,,
REC00612,729402/65/2,Chimfwembe,Chisanga,1967-09-13,M,Chipata,T001-Lusaka,0DBE2B92684D,612,False,,
REC00737,572788/13/3,Nkonde,Lungu,1980-12-29,M,Mufulira,T002-Kitwe,C0BB7F0A83CC,737,False,,
REC00653,338161/21/8,Namoonde,Sitwala,1961-08-07,F,Solwezi,T002-Kitwe,88505E0B2487,653,False,,
REC00796,789886/65/3,Chanda,Chisanga,1966-05-08,M,Ndola,T001-Lusaka,C3479BE426CE,796,False,,
REC00657,362035/30/7,Naomi,Simamba,1974-08-07,F,Livingstone,T002-Kitwe,13EAC1929E5B,657,False,,
REC00029,299448/78/8,Chipo,Banda,1992-10-28,F,Mongu,T001-Lusaka,9274C91DE3AC,29,False,,
REC00024,454508/12/9,Simuunza,Kalunga,2004-04-08,M,Mufulira,T001-Lusaka,0A428B208D42,24,False,,
REC00164,714953/81/9,Namukolo,Mbanga,2004-08-19,F,Mazabuka,T002-Kitwe,F573A28F5ADF,164,False,,
REC00656,935471/10/9,Takondwa,Libonda,1989-04-09,F,Livingstone,T002-Kitwe,0544173E0F1C,656,False,,
REC00534,219562/22/4,Sitwala,Kaunda,1969-06-01,F,Solwezi,T001-Lusaka,7E86FEB47E49,534,False,,
REC00320,109585/37/9,Mwamba,Kaunda,1996-06-19,M,Solwezi,T002-Kitwe,83BC2FF9D161,320,False,,
REC00524,817712/26/8,Namoonde,Kalumba,2007-06-06,F,Kitwe,T002-Kitwe,722D099F1580,524,False,,
REC00931,254532/68/2,Charity,Sikazwe,1984-12-29,F,Chipata,T001-Lusaka,6415BFFA58E3,931,False,,
REC00219,166165/68/1,Peace,Ng'ombe,1997-12-01,F,Livingstone,T002-Kitwe,171BC35C08DF,219,False,,
REC00291,563303/24/4,Gondwe,Sakala,1963-05-02,M,Mufulira,T003-Ndola,7C49DB3F4884,291,False,,
REC00954,647341/57/2,Pecae,Gondwe,1960-11-17,M,Choma,T002-Kitwe,E97DDD010EF7,535,True,Type1,REC00535
REC00130,934816/17/5,Chama,Chanda,1980-11-29,F,Solwezi,T002-Kitwe,B141696D3771,130,False,,
REC00852,145421/23/1,Joy,Hichilema,1969-05-12,F,Ndola,T003-Ndola,2012CA108ED6,852,False,,
REC00623,926965/38/4,Mwenya,Mwale,1953-03-02,F,Mongu,T002-Kitwe,E8A8F93F0AB5,623,False,,
REC00551,918859/66/4,Moono,Kabwe,1954-05-05,M,Kasama,T003-Ndola,EBF61C0C1DC9,551,False,,
REC00579,678469/23/3,Namoonde,Kamanga,1966-04-29,F,Mufulira,T003-Ndola,82774DD29EC6,579,False,,
REC00587,148693/15/6,Choolwe,Sitwala,1969-03-24,F,Kasama,T001-Lusaka,4DB98B4183A5,587,False,,
REC00986,276831/10/6,Wamunyima,Sakala,1971-08-04,M,Mansa,T003-Ndola,865ED2437E51,577,True,Type5,REC00577
REC00203,424500/70/4,Yemisi,Mutinta,1988-07-22,F,Mazabuka,T002-Kitwe,2243E03D56C2,203,False,,
REC00827,914992/67/1,Chisanga,Mulonga,1987-07-14,M,Ndola,T002-Kitwe,25C27FDA556B,827,False,,
REC00354,585556/96/9,Isaac,Nyirenda,1974-12-04,M,Solwezi,T001-Lusaka,E0AECC62FEF4,354,False,,
REC00936,571980/50/7,Moses,Kapembwa,1975-08-07,M,Kabwe,T002-Kitwe,90BAC909247B,936,False,,
REC00558,407835/37/9,Mulonga,Mvula,1977-08-24,M,Chingola,T002-Kitwe,0C0B7C3B069A,558,False,,
REC00917,293757/95/6,Nyirenda,Siluwe,1992-01-26,M,Kitwe,T001-Lusaka,6D656F476456,917,False,,
REC00949,701380/61/4,Dalitso,Mutale,1983-05-05,F,Kasama,T003-Ndola,55426F1533A0,949,False,,
REC00414,155230/32/4,Mwaka,Sikazwe,1949-08-10,F,Lusaka,T003-Ndola,EF27C83C8A1A,414,False,,
REC00151,355400/26/4,Chanda,Mutale,1980-02-04,M,Kafue,T001-Lusaka,9E58303E5056,151,False,,
REC00739,571228/91/6,Chimfwembe,Kapembwa,1946-08-28,M,Chingola,T001-Lusaka,CA3DAAED4C01,739,False,,
REC00287,485397/88/4,Mwaka,Chinyama,1983-07-19,F,Ndola,T001-Lusaka,680B5DD8FD20,287,False,,
REC00844,742191/58/3,Chisomo,Musonda,1953-04-19,M,Choma,T001-Lusaka,1B448979F92F,844,False,,
REC00903,827968/25/6,Peace,Sachitembe,1967-04-23,F,Kasama,T003-Ndola,8647BED418EB,903,False,,
REC00860,996536/39/2,Gondwe,Mulonga,1960-06-04,M,Kafue,T002-Kitwe,6F65EB60E72F,860,False,,
REC00312,837954/36/7,Alinafe,Nkumbula,1955-10-16,F,Chingola,T001-Lusaka,24DE54EA248C,312,False,,
REC00734,641198/90/1,Nkandu,Mbanga,1975-04-05,F,Chipata,T001-Lusaka,30B2CE575F40,734,False,,
REC00769,221462/10/5,Daniel,Mwale,1963-02-25,M,Mazabuka,T001-Lusaka,396A5235EB68,769,False,,
REC00430,164664/38/3,Chisomo,Kapembwa,2008-12-10,M,Kafue,T001-Lusaka,A6D1535AEB21,430,False,,
REC00899,418677/73/9,Nkandu,Kamanga,1957-07-06,F,Kabwe,T003-Ndola,D35ED14F8560,899,False,,
REC00533,965401/16/4,Daniel,Mvula,1977-06-01,M,Solwezi,T002-Kitwe,18DA1E2E8ADE,533,False,,
REC00060,790855/20/5,Samuel,Sata,1994-10-16,M,Mazabuka,T003-Ndola,C479CBF8D981,60,False,,
REC00651,666843/44/9,Moono,Sitwala,1968-02-07,F,Ndola,T002-Kitwe,26C90A6E05DF,651,False,,
REC00752,865175/90/9,Kapembwa,Musonda,1958-10-03,M,Kabwe,T001-Lusaka,E214F0DBA44A,752,False,,
REC00866,269662/68/1,David,Mubita,1982-09-01,M,Kabwe,T002-Kitwe,22C7434B5372,866,False,,
REC00740,497073/80/7,Mary,Kalumba,1995-09-02,F,Mansa,T001-Lusaka,9EDC4626F2C3,740,False,,
REC00839,740916/31/2,Sialubalo,Musonda,1969-02-01,M,Kitwe,T001-Lusaka,8037C5AB2129,839,False,,
REC00169,836833/49/6,Chama,Ng'ombe,1985-07-01,F,Lusaka,T002-Kitwe,51BA85F6A170,169,False,,
REC00412,287654/14/9,Sitwala,Mwale,1996-07-20,F,Kasama,T003-Ndola,461860240D8C,412,False,,
REC00323,649857/29/4,Thandiwe,Musonda,2001-05-16,F,Mufulira,T001-Lusaka,8245F434B100,323,False,,
REC00347,494322/45/7,Esther,Banda,1980-10-11,F,Kitwe,T002-Kitwe,50DA0BEA9317,347,False,,
REC00087,697530/88/7,Alinafe,Hichilema,1968-04-28,F,Lusaka,T002-Kitwe,6B57718C297E,87,False,,
REC00072,994905/63/9,Wamunyima,Hichilema,1975-01-10,F,Kasama,T003-Ndola,C9B38201E9D3,72,False,,
REC00530,581395/66/8,Siyanza,Banda,2002-12-10,F,Kafue,T001-Lusaka,604E3AD37181,530,False,,
REC00011,961722/14/6,Mbanga,Mutale,1989-06-19,M,Chipata,T002-Kitwe,6AC09AADF8C5,11,False,,
REC00150,299028/25/8,Lubemba,Zulu,1985-04-06,F,Mazabuka,T001-Lusaka,BD2B814B4F2F,150,False,,
REC00454,206355/71/4,Namoonde,Mutinta,1976-05-04,F,Kabwe,T001-Lusaka,F3A99F16A89F,454,False,,
REC00031,274389/62/8,Chimfwembe,Hichilema,1988-10-22,M,Livingstone,T002-Kitwe,2DBA3908631B,31,False,,
REC00819,364132/34/1,Yemisi,Wina,1984-08-06,F,Mufulira,T001-Lusaka,6FB9890DF796,819,False,,
REC00529,391668/16/9,Moono,Banda,1980-04-30,F,Chingola,T001-Lusaka,898614B166F1,529,False,,
REC00470,683390/60/9,Mwenya,Kasonde,1975-03-13,F,Kafue,T002-Kitwe,C3A3A7D741C6,470,False,,
REC00420,342716/76/7,Mutinta,Kasonde,2006-01-28,M,Choma,T003-Ndola,30E7BE814E31,420,False,,
REC00424,917823/84/2,Chisanga,Kabwe,1997-10-20,M,Kitwe,T001-Lusaka,8E1F9453E803,424,False,,
REC00440,955937/17/4,Simamba,Tembo,1962-02-19,M,Kafue,T003-Ndola,8B22A90AD61E,440,False,,
REC00622,583100/85/1,Siluwe,Moono,1948-11-12,M,Kitwe,T002-Kitwe,EB3F8A56BC61,622,False,,
REC00234,192055/97/6,Isaac,Ng'ombe,1970-01-30,M,Solwezi,T003-Ndola,30146A9BACD5,234,False,,
REC00432,948611/26/2,Mbewe,Nkonde,1970-03-26,M,Kitwe,T002-Kitwe,CF9773152E8C,432,False,,
REC00543,310647/36/5,Naomi,Chinyama,1990-07-08,F,Solwezi,T003-Ndola,4A34244AD29C,543,False,,
REC00156,573962/74/4,Mary,Siluwe,2000-03-25,F,Lusaka,T003-Ndola,50D1D6FC1B43,156,False,,
REC00616,100301/30/2,Wamunyima,Banda,1951-04-02,M,Mansa,T002-Kitwe,E14F23AD5877,616,False,,
REC00818,202444/77/2,Mwamba,Mulenga,1973-02-13,M,Kabwe,T003-Ndola,64CDBFDC983D,818,False,,
REC00425,526259/25/9,Isaac,Moono,1981-11-03,M,Mansa,T002-Kitwe,4FFE8D7F14C7,425,False,,
REC00382,443187/84/1,Sitwala,Moono,1966-03-25,F,Kitwe,T003-Ndola,D6B8E1381A02,382,False,,
REC00273,324381/35/9,Dalitso,Sata,1967-01-13,F,Choma,T002-Kitwe,6F03D3B7E48A,273,False,,
REC00088,322423/55/5,Moono,Ng'ombe,1966-04-10,F,Chipata,T002-Kitwe,8DB67D3D5E72,88,False,,
REC00832,285197/80/1,Takondwa,Nkonde,1991-10-17,F,Mazabuka,T002-Kitwe,D687E2B1C1AE,832,False,,
REC00518,152512/22/3,Takondwa,Phiri,1968-05-12,F,Kafue,T001-Lusaka,65CE9ECA2319,518,False,,
REC00294,706403/19/1,Dalitso,Mulenga,1990-06-19,F,Solwezi,T002-Kitwe,AAC5B5071B74,294,False,,
REC00850,218152/29/8,Mutinta,Mutale,1992-08-20,M,Ndola,T002-Kitwe,AA0B4664B232,850,False,,
REC00786,585394/51/9,Mwaka,Siluwe,1956-07-15,F,Kafue,T001-Lusaka,B136DFEDE887,786,False,,
REC00252,124302/21/7,Charity,Kamanga,1965-05-24,F,Kabwe,T003-Ndola,2EBC61CDEF3A,252,False,,
REC00007,705397/34/2,Peace,Kalumba,1977-07-27,F,Mazabuka,T001-Lusaka,AEA2A849EF3D,7,False,,
REC00956,622230/90/9,Joy,Chonyama,2007-04-19,M,Mazabuka,T002-Kitwe,14ADC7DF18B8,245,True,Type1,REC00245
REC00450,770718/82/2,Mwanachitechi,Kalumba,1990-03-13,M,Ndola,T002-Kitwe,3480B67EAB4C,450,False,,
REC00973,635348/76/4,Chisomo,Chanda,1978-01-02,F,Ndola,T001-Lusaka,2DBC3EC4FC40,615,True,Type3,REC00615
REC00126,919488/43/6,Kapulula,Chilufya,1967-11-23,F,Kasama,T003-Ndola,C9C085982140,126,False,,
REC00142,809176/96/7,Banda,Hichilema,1989-10-10,M,Solwezi,T003-Ndola,AE5CA7E00795,142,False,,
REC00343,619886/86/4,Alinafe,Wina,1953-12-09,F,Kitwe,T002-Kitwe,14F74AB649E8,343,False,,
REC00373,962570/15/8,Ruth,Nyirenda,1961-05-21,F,Livingstone,T003-Ndola,F3290AFCB507,373,False,,
REC00971,561124/18/8,Peace,Sakala,1990-11-16,F,Mazabuka,T003-Ndola,F8C180F9C3FF,187,True,Type3,REC00187
REC00102,377501/94/2,Nyirenda,Chinyama,1991-01-31,M,Livingstone,T001-Lusaka,6B7D65B1EF66,102,False,,
REC00511,673867/42/8,Grace,Mwale,1998-12-05,F,Ndola,T003-Ndola,05C2D8240D60,511,False,,
REC00519,546688/24/2,Sitwala,Sachitembe,1981-12-17,F,Lusaka,T001-Lusaka,79C4748DE5B2,519,False,,
REC00453,559507/63/3,Mulenga,Mutale,1975-05-23,M,Kabwe,T002-Kitwe,CC4AAE3DFFD6,453,False,,
REC00300,744793/12/4,Chilufya,Mubita,1972-05-27,M,Kitwe,T001-Lusaka,2A34AB9D22B6,300,False,,
REC00686,644719/22/2,Hamukoma,Chilufya,1990-08-24,M,Livingstone,T003-Ndola,F06D9E9C3526,686,False,,
REC00371,335765/78/5,Sikazwe,Chanda,1985-05-10,M,Mansa,T001-Lusaka,5EAD624BCFC9,371,False,,
REC00211,862560/87/9,Mphatso,Chisanga,1960-10-11,F,Kitwe,T002-Kitwe,06B9175D1040,211,False,,
REC00121,613425/29/8,Deborah,Siluwe,1950-10-23,F,Kabwe,T003-Ndola,22CDE2CAA453,121,False,,
REC00172,914571/82/2,Sachimba,Kamanga,1980-11-29,M,Ndola,T001-Lusaka,F6CAF009BAB3,172,False,,
REC00108,141797/65/6,Grace,Kasonde,1956-05-12,F,Chipata,T003-Ndola,16F18968744B,108,False,,
REC00712,795759/77/1,Chanda,Mwale,1957-09-17,M,Ndola,T002-Kitwe,C748FA591C0A,712,False,,
REC00043,544151/45/1,Lubemba,Kasonde,1953-02-09,F,Solwezi,T001-Lusaka,1E84417A57AC,43,False,,
REC00660,834498/89/8,Joy,Simuunza,1985-08-07,F,Solwezi,T001-Lusaka,041100660522,660,False,,
REC00105,942956/35/7,Peace,Siluwe,1950-09-12,F,Chingola,T001-Lusaka,22ECBC830E80,105,False,,
REC00625,287155/70/6,Monde,Chilufya,1960-04-06,F,Livingstone,T002-Kitwe,BA2F250311C4,625,False,,
REC00626,299405/73/4,Thandiwe,Sata,1948-09-23,F,Kasama,T001-Lusaka,4A147B499B3A,626,False,,
REC00840,166175/35/7,Mercy,Kalumba,1990-03-24,F,Mansa,T002-Kitwe,99987657546D,840,False,,
REC00114,296694/76/6,Joseph,Lungu,2005-02-24,M,Mansa,T003-Ndola,57BC0E0F3853,114,False,,
REC00469,556542/35/3,Emmanuel,Kasonde,1948-09-23,M,Chipata,T003-Ndola,5CE9FC373988,469,False,,
REC00714,384489/94/6,Mwamba,Mwale,1950-10-08,M,Lusaka,T001-Lusaka,8AEF546F3888,714,False,,
REC00052,220944/43/3,Ruth,Mvula,2007-07-16,F,Chipata,T003-Ndola,FD5BE69B9526,52,False,,
REC00107,822131/48/7,Grace,Kapembwa,1967-12-19,F,Chingola,T002-Kitwe,BFCD5A54AECE,107,False,,
REC00843,680290/31/8,Nchimunya,Nkumbula,1976-10-29,F,Choma,T001-Lusaka,EC8DBB7E66A2,843,False,,
REC00528,630126/70/8,Bwalya,Nkonde,1995-12-08,M,Kitwe,T001-Lusaka,9AA497FDEBC8,528,False,,
REC00155,651640/24/2,Lubemba,Mwamba,1972-03-31,F,Kabwe,T002-Kitwe,13907423CF49,155,False,,
REC00274,876880/85/4,Namukolo,Musonda,1954-10-12,F,Lusaka,T001-Lusaka,1501FF0E8C73,274,False,,
REC00886,524214/73/3,Hamukoma,Kapembwa,2007-10-12,M,Choma,T002-Kitwe,E53CA5116085,886,False,,
REC00048,288073/52/7,Kamanga,Lungu,2007-10-16,M,Kafue,T003-Ndola,00AB96319385,48,False,,
REC00881,238364/49/3,Faith,Kamanga,1959-02-15,F,Livingstone,T002-Kitwe,C976BA6FBAC3,881,False,,
REC00349,412687/47/8,Mwenya,Lungu,1949-08-21,F,Chipata,T001-Lusaka,769652F07982,349,True,Type4,REC00506
REC00265,215233/34/1,Chilufya,Mulonga,1947-03-03,M,Solwezi,T002-Kitwe,030B46A97C97,265,False,,
REC00822,792561/19/8,Moono,Gondwe,1968-02-14,M,Mansa,T002-Kitwe,CDBC58DF3C90,822,False,,
REC00925,820420/66/4,Faith,Libonda,1982-01-09,F,Mongu,T003-Ndola,BEBB423B9299,925,False,,
REC00576,572536/52/5,Mvula,Sakala,1966-06-05,M,Mufulira,T003-Ndola,E184C161B4B6,576,False,,
REC00970,820861/85/6,Ezekiel,Namoonde,1993-06-14,F,Mongu,T002-Kitwe,DE7F6DFA801C,463,True,Type2,REC00463
REC00233,827691/72/4,Mphatso,Kalumba,1984-05-24,F,Ndola,T001-Lusaka,C5439F3867F8,233,False,,
REC00633,372315/33/9,Mbanga,Nyirenda,1955-01-15,M,Livingstone,T002-Kitwe,ED22A427E4E3,633,False,,
REC00874,969856/25/8,Charity,Sikazwe,1962-10-06,F,Chingola,T003-Ndola,8290E89765EA,874,False,,
REC00441,348041/85/6,Namoonde,Ng'ombe,1994-03-20,F,Kasama,T003-Ndola,8F201702E234,441,False,,
REC00346,517584/50/5,David,Sakala,1994-01-29,M,Kasama,T003-Ndola,6C7B61710194,346,False,,
REC00733,967182/15/4,Kabwe,Simuunza,1969-01-09,M,Chingola,T003-Ndola,F4F59F7AB44A,733,False,,
REC00033,262316/34/5,Naomi,Mubita,1966-05-09,F,Lusaka,T001-Lusaka,99D63DA18063,33,False,,
REC00876,287497/46/2,Kabaso,Kasonde,1974-12-19,F,Ndola,T001-Lusaka,CB6F837D4C98,876,False,,
REC00179,557409/12/8,Mwenya,Zulu,2006-03-21,F,Kafue,T001-Lusaka,751C51ADCB25,179,False,,
REC00163,197758/65/2,Mwenya,Kasonde,2002-05-10,F,Kasama,T003-Ndola,8F4F43EBE160,163,False,,
REC00366,244564/83/7,Katuta,Lungu,1956-07-04,M,Ndola,T002-Kitwe,0833C4E2B594,366,False,,
REC00268,281594/68/9,Martha,Mwale,1981-11-12,F,Chingola,T002-Kitwe,BD63A2583B49,268,False,,
REC00957,923892/73/6,Siluw,Lungu,1982-01-23,M,Kasama,T002-Kitwe,9463A9A37DF6,663,True,Type1,REC00663
REC00837,344303/19/1,Ruth,Chisanga,1958-01-14,F,Ndola,T003-Ndola,09104682B8C3,837,False,,
REC00897,769836/44/7,Kabaso,Mulenga,1973-04-12,F,Chingola,T001-Lusaka,CCBC52E9184E,897,False,,
REC00571,682032/28/2,Sitwala,Mulenga,1960-05-10,F,Lusaka,T001-Lusaka,88A0DCD8EFCF,571,False,,
REC00801,887042/45/8,Banda,Wina,1962-10-15,M,Kitwe,T003-Ndola,1C30A2E03862,801,False,,
REC00241,336422/54/9,Tembo,Sakala,1946-05-18,M,Kafue,T002-Kitwe,D1178A195F22,241,False,,
REC00910,262062/74/4,Nchimunya,Musonda,1990-06-20,F,Mansa,T001-Lusaka,3FDEB839DCAE,910,False,,
REC00506,412687/47/8,Nchimunya,Chilufya,2005-11-29,F,Chingola,T003-Ndola,1F7609B9520C,506,False,,
REC00760,757667/68/9,Chisomo,Sitwala,1996-01-28,M,Kabwe,T002-Kitwe,FF8C397D5749,760,False,,
REC00104,837135/68/2,Namoonde,Kaunda,1984-08-25,M,Livingstone,T003-Ndola,98C9BDBAE6E7,104,False,,
REC00504,299834/12/1,Mutinta,Sakala,1962-05-17,F,Kasama,T003-Ndola,4AF43EB0C3CB,504,False,,
REC00621,827912/66/7,Ruth,Mulonga,1987-07-29,F,Kabwe,T003-Ndola,436A70660593,621,False,,
REC00161,339592/62/6,Kalinde,Simamba,1969-07-03,M,Mongu,T002-Kitwe,5BADD1C709CD,161,False,,
REC00951,189772/77/6,Thanidwe,Mubita,1950-01-24,F,Chingola,T003-Ndola,48450D9023F3,215,True,Type1,REC00215
REC00178,837852/39/9,Kunda,Mwale,1962-03-27,M,Kafue,T003-Ndola,BC5B3DA5CD93,178,False,,
REC00133,109853/69/5,Faith,Phiri,1950-03-10,F,Chingola,T003-Ndola,B8748FA65261,133,False,,
REC00495,234159/43/9,Sikazwe,Musonda,1967-10-12,M,Mazabuka,T001-Lusaka,7B9B191247C2,495,False,,
REC00684,163648/56/9,Kabaso,Moono,1952-09-10,F,Choma,T003-Ndola,99EA09F8EB97,684,False,,
REC00791,193624/84/1,Simainga,Kaunda,1979-02-17,F,Chingola,T003-Ndola,6281DD6FF367,791,False,,
REC00290,164758/80/9,Mwenya,Mulonga,1999-12-13,F,Mufulira,T001-Lusaka,1F8BEF0EBB93,290,False,,
REC00213,725726/78/1,Mwenya,Kapembwa,1965-03-04,F,Chingola,T003-Ndola,280C12CBD34D,213,False,,
REC00637,595962/11/3,Chisomo,Chisanga,1996-08-06,F,Kabwe,T002-Kitwe,77E2CF32D355,637,False,,
REC00719,393804/38/3,Choolwe,Bwalya,1960-03-24,F,Choma,T002-Kitwe,1B3BD7FFAED3,719,False,,
REC00484,152062/30/4,Namoonde,Bwalya,1975-05-03,M,Mazabuka,T001-Lusaka,912D06C48C20,484,False,,
REC00369,688861/74/8,Namukolo,Kabwe,1975-07-27,F,Mazabuka,T002-Kitwe,A387F680396F,369,False,,
REC00669,763653/65/6,Kalinde,Kapembwa,1988-11-04,M,Ndola,T001-Lusaka,636E2DA9B829,669,False,,
REC00816,510154/69/4,Moono,Nkonde,1957-08-09,M,Mazabuka,T003-Ndola,B288D05CC77B,816,False,,
REC00863,593515/74/1,Nathan,Chanda,2006-06-03,M,Chingola,T002-Kitwe,E7ABEC7CF9C2,863,False,,
REC00400,170813/11/5,Mwenya,Bwalya,1957-04-27,F,Lusaka,T001-Lusaka,850725475E8E,400,False,,
REC00301,804667/16/4,Chilufya,Simuunza,1956-05-20,M,Lusaka,T003-Ndola,671B5A55E69B,301,False,,
REC00958,834498/89/8,Joy,Somuunza,1985-08-07,M,Solwezi,T001-Lusaka,A00DAA4043A8,660,True,Type1,REC00660
REC00913,333159/26/3,Chama,Sata,1999-05-17,F,Livingstone,T003-Ndola,3828CED5724B,913,False,,
REC00673,432125/81/6,Kunda,Namoonde,1989-02-20,M,Kasama,T002-Kitwe,EF757FC3AE85,673,False,,
REC00824,952283/43/3,Monde,Mutale,1986-11-06,F,Kitwe,T002-Kitwe,B9CD74BF8CFA,824,False,,
REC00348,128223/69/4,Sakala,Sachitembe,1960-08-30,M,Mansa,T002-Kitwe,1D7F7649C955,348,False,,
REC00960,782141/14/7,Numba,Nyirenda,1946-03-21,M,Chipata,T003-Ndola,A8315C80ED16,509,True,Type1,REC00509
REC00859,897273/53/4,Faith,Lungu,1994-08-28,F,Mufulira,T002-Kitwe,895C77E0834C,859,False,,
REC00225,410000/49/8,Kalunga,Sakala,1950-09-20,M,Kasama,T003-Ndola,1E46E4FD685C,225,False,,
REC00520,558976/89/5,Gondwe,Mvula,1977-12-09,M,Kitwe,T003-Ndola,C1F7A586E5FA,520,False,,
REC00858,162549/45/3,Chilufya,Nkumbula,1958-12-30,M,Kafue,T001-Lusaka,B9BA16E03234,858,False,,
REC00449,306012/34/5,Namukolo,Ng'ombe,2009-11-08,F,Lusaka,T003-Ndola,5952F77C5DE9,449,True,Type4,REC00552
REC00353,371306/38/9,Chipo,Mulenga,2001-03-02,F,Chingola,T003-Ndola,380C654444F4,353,False,,
REC00481,387286/57/8,Wamunyima,Kaunda,1992-02-25,M,Mongu,T003-Ndola,D50A4900A6A5,481,False,,
REC00197,774751/52/3,Sialubalo,Mbanga,1976-03-21,M,Kasama,T003-Ndola,51E3AEA092F1,197,False,,
REC00295,133276/46/7,Kapembwa,Chilufya,1967-08-31,M,Mansa,T001-Lusaka,9DD8BAAD49F1,295,False,,
REC00166,632060/37/3,Namoonde,Musonda,1958-03-02,F,Kabwe,T003-Ndola,6D34F1A84BBE,166,False,,
REC00982,213054/14/9,Simainga,Chanda,1992-05-25,M,Lusaka,T002-Kitwe,4D6ACF1A8952,915,True,Type5,REC00915
REC00795,261760/46/3,Katuta,Nyirenda,1972-08-01,M,Lusaka,T001-Lusaka,8BAE0F605D70,795,False,,
REC00715,633243/22/6,Choolwe,Kalunga,1975-11-11,F,Kafue,T002-Kitwe,884716DC48C1,715,False,,
REC00460,104000/64/2,Kapulula,Mutale,1977-08-23,F,Kafue,T002-Kitwe,D9A993256C83,460,False,,
REC00356,922366/36/9,Wamunyima,Mvula,1969-03-01,F,Solwezi,T002-Kitwe,1BF220CE9BB2,356,False,,
REC00662,344119/21/3,Abraham,Wina,2009-04-12,M,Kabwe,T001-Lusaka,90FC9C237110,662,False,,
REC00638,363165/81/1,Mwanachitechi,Namoonde,1983-02-05,M,Kitwe,T002-Kitwe,D710130F7670,638,False,,
REC00507,459381/72/6,Simainga,Sachitembe,1998-01-04,F,Ndola,T001-Lusaka,5EB37B4C2981,507,False,,
REC00783,751034/41/9,Deborah,Lungu,1988-08-11,F,Kabwe,T001-Lusaka,795E70EF050E,783,False,,
REC00485,529399/75/1,Nyirenda,Tembo,1951-07-23,M,Lusaka,T003-Ndola,4545D6D3CA68,485,False,,
REC00428,151328/96/5,Libonda,Zulu,1963-12-13,M,Kafue,T002-Kitwe,703FE49C3451,428,False,,
REC00924,186243/51/8,Naomi,Wina,2006-05-16,F,Mongu,T001-Lusaka,424C21BAE415,924,False,,
REC00945,379570/12/8,Esther,Sikazwe,1972-03-25,F,Lusaka,T003-Ndola,9ADAFF74EA3E,945,False,,
REC00066,547470/80/8,Joy,Wina,1964-09-23,F,Kasama,T001-Lusaka,AC7D1DF8A0E6,66,False,,
REC00567,660814/10/2,Katuta,Sachitembe,1999-05-27,M,Mufulira,T003-Ndola,16C220A21183,567,False,,
REC00324,182857/57/7,Namoonde,Tembo,1974-05-29,F,Mufulira,T002-Kitwe,726B7EDDC855,324,False,,
REC00591,180832/75/5,Abraham,Ng'andu,1989-05-19,M,Ndola,T001-Lusaka,D7D3F5EB757E,591,False,,
REC00785,281493/94/2,Ruth,Nkumbula,1988-10-29,F,Choma,T003-Ndola,EB079757B8AE,785,False,,
REC00020,972064/49/4,Chama,Kapembwa,1977-06-13,F,Livingstone,T001-Lusaka,13A23021977D,20,False,,
REC00541,899407/41/5,Mwinga,Libonda,1947-11-20,F,Solwezi,T002-Kitwe,307B2C81538C,541,False,,
REC00063,355836/28/1,Katuta,Namoonde,1974-02-28,M,Mansa,T001-Lusaka,6C0D0E65C560,63,False,,
REC00732,722650/78/9,Joy,Sata,1958-09-14,F,Choma,T003-Ndola,3D4157F54961,732,False,,
REC00238,963333/83/2,Martha,Lungu,1973-04-13,F,Solwezi,T001-Lusaka,BDBC2A532A1D,238,False,,
REC00751,445200/77/7,Mumba,Nkumbula,1985-05-24,M,Livingstone,T003-Ndola,ACBA2516B68F,751,False,,
REC00695,377860/56/4,Namoonde,Chisanga,1997-08-06,F,Chipata,T001-Lusaka,18ECDC87581E,695,False,,
REC00627,312616/41/6,Sitwala,Mumba,1989-06-14,M,Mansa,T001-Lusaka,E386D0B5AC6E,627,False,,
REC00743,752801/42/1,Kunda,Kabwe,2009-09-12,M,Kabwe,T002-Kitwe,C3ACA3AF5DCD,743,False,,
REC00606,528705/56/2,Mphatso,Nkumbula,1981-09-03,F,Mongu,T001-Lusaka,48CE00B85A6E,606,False,,
REC00893,487585/59/6,Siyanza,Chisanga,1971-08-26,F,Chipata,T001-Lusaka,2E39FCD32612,893,False,,
REC00498,225636/97/7,Samuel,Kabwe,1965-02-11,M,Chipata,T003-Ndola,30FA2C4A69B2,498,False,,
REC00410,264951/42/2,Esther,Ng'andu,1977-01-10,F,Mazabuka,T003-Ndola,100A65E01532,410,False,,
REC00500,916779/20/8,Kapulula,Sakala,1993-11-01,F,Mazabuka,T002-Kitwe,ECB751841C28,500,False,,
REC00038,109767/68/2,Faith,Sakala,2003-07-04,F,Chingola,T001-Lusaka,2E8E74EFAD3B,38,False,,
REC00914,182423/64/2,Namukolo,Mumba,1998-05-02,F,Lusaka,T001-Lusaka,E05EA20FBACA,914,False,,
REC00568,211291/47/5,Chisanga,Mbewe,1964-11-26,M,Kitwe,T003-Ndola,56328D1D1D35,568,False,,
REC00749,477685/14/2,Daniel,Sata,1958-01-27,M,Solwezi,T002-Kitwe,B4C00F158708,749,False,,
REC00611,817817/16/3,Naomi,Kalumba,1947-06-24,F,Mazabuka,T002-Kitwe,2B8F2104B6E2,611,False,,
REC00593,602073/71/4,Mwaka,Sitwala,1949-06-09,F,Ndola,T003-Ndola,568B686B180C,593,False,,
REC00755,125151/69/2,Chisomo,Mulenga,1999-05-30,F,Kafue,T003-Ndola,1C846DE71AFC,755,False,,
REC00920,104539/22/4,Namoonde,Ng'andu,1961-10-29,M,Kafue,T003-Ndola,F1C0A199BEA0,920,False,,
REC00426,377880/25/2,Isaac,Kamanga,1968-06-12,M,Mansa,T001-Lusaka,508F97E6B7B7,426,False,,
REC00966,183985/72/8,Gondwe,Sitwala,1983-06-06,F,Kasama,T002-Kitwe,F2EC787E0DD7,647,True,Type2,REC00647
REC00922,639231/39/7,Choolwe,Simamba,1990-10-16,F,Mansa,T001-Lusaka,DAFD392E1C38,922,False,,
REC00933,287795/58/6,Elijah,Sachitembe,2007-08-13,M,Chipata,T001-Lusaka,7A8936E88270,933,False,,
REC00106,174878/17/3,Phiri,Tembo,1997-04-03,M,Mufulira,T002-Kitwe,074A78360238,106,False,,
REC00009,319684/95/5,Nchimunya,Nyirenda,1978-02-21,F,Choma,T003-Ndola,79DC36B7D1F5,9,False,,
REC00342,541557/48/8,Gondwe,Simamba,1985-04-04,M,Solwezi,T001-Lusaka,6B34C9CCB1BB,342,False,,
REC00053,462479/50/7,Kabwe,Libonda,1971-01-11,M,Chingola,T003-Ndola,F18E08DAE46D,53,False,,
REC00402,663772/88/3,Kabaso,Chinyama,1961-11-16,F,Kitwe,T002-Kitwe,B3286DD02F6D,402,False,,
REC00584,273899/75/3,Simamba,Kalumba,1948-08-20,M,Ndola,T002-Kitwe,774B72DC5C42,584,False,,
REC00302,327823/17/3,Grace,Kalunga,1961-08-04,F,Chipata,T003-Ndola,60EFDF924215,302,False,,
REC00207,956375/67/6,Moses,Kasonde,1990-02-04,M,Mongu,T001-Lusaka,63B61925DC33,207,False,,
REC00249,434617/40/8,Mary,Mbanga,2000-06-27,F,Chipata,T001-Lusaka,CB35C1B5BD66,249,False,,
REC00879,166007/12/4,Chama,Gondwe,1993-01-19,F,Mazabuka,T003-Ndola,87934C2E9182,879,False,,
REC00854,441505/39/2,Mwinga,Kabwe,1949-04-16,F,Livingstone,T002-Kitwe,88A09A86DD85,854,False,,
REC00021,955662/18/9,Kalunga,Wina,1966-06-01,M,Ndola,T001-Lusaka,C3270FC03839,21,False,,
REC00483,460971/30/5,Deborah,Mbanga,1978-08-21,F,Kafue,T003-Ndola,C10C87AF989E,483,False,,
REC00497,992562/25/8,Deborah,Gondwe,1968-05-29,F,Kafue,T001-Lusaka,D1BC5AFAE4CA,497,False,,
REC00456,673619/21/6,Chinyama,Ng'andu,2003-04-15,M,Mufulira,T003-Ndola,CA00B660857E,456,False,,
REC00720,646012/96/4,Namukolo,Kasonde,1975-09-22,F,Livingstone,T002-Kitwe,17A8D342CE47,720,False,,
REC00757,366776/18/5,Mbewe,Nkumbula,1984-09-30,M,Chingola,T002-Kitwe,B6012FB56501,757,False,,
REC00157,163780/71/7,Faith,Nkonde,2007-03-22,F,Mazabuka,T002-Kitwe,2427F44E18FA,157,False,,
REC00171,325583/58/7,Chimfwembe,Sata,1962-06-04,M,Solwezi,T002-Kitwe,46F7BF4ECC35,171,False,,
REC00834,302472/13/4,Chisomo,Mwamba,2006-10-24,F,Mongu,T002-Kitwe,248022C9BADD,834,False,,
REC00023,781446/57/8,Sialubalo,Zulu,1949-10-03,M,Kabwe,T003-Ndola,D5D725FEF5DF,23,False,,
REC00939,631297/17/7,Hope,Mbanga,1995-12-29,F,Kabwe,T002-Kitwe,1E14C63F856E,939,False,,
REC00486,730343/11/4,Namukolo,Nkonde,1994-06-23,F,Mufulira,T002-Kitwe,CBBEB35B63F6,486,False,,
REC00152,911984/28/1,Kalinde,Kalunga,1980-07-15,M,Kafue,T002-Kitwe,1147758CB154,152,False,,
REC00927,648051/94/2,Chipo,Zulu,1970-09-18,F,Ndola,T001-Lusaka,4E1BA11C64E7,927,False,,
REC00789,792984/29/8,Mulenga,Hichilema,1996-11-07,M,Chipata,T003-Ndola,BEC9618EAE8C,789,False,,
REC00309,661654/34/1,Isaac,Nyirenda,2001-09-20,M,Mongu,T002-Kitwe,1EC3BAA22574,309,False,,
REC00089,300337/20/4,Naomi,Mulenga,1963-09-01,F,Mongu,T003-Ndola,D83D51F6F4E4,89,False,,
REC00807,745710/45/5,Mutinta,Phiri,1998-02-14,M,Lusaka,T002-Kitwe,84DDE3013991,807,False,,
REC00552,306012/34/5,Deborah,Mutinta,1955-11-19,F,Ndola,T002-Kitwe,A194719F7FF5,552,False,,
REC00642,635239/72/8,Namoonde,Sakala,1949-08-14,F,Mongu,T001-Lusaka,FA85F2CF3D04,642,False,,
REC00447,930307/91/8,Namukolo,Ng'andu,1970-10-27,F,Solwezi,T003-Ndola,1A0CA090B656,447,False,,
REC00248,869864/54/7,Mwanachitechi,Kaunda,1981-05-14,M,Mansa,T001-Lusaka,BF5C0D157C16,248,False,,
REC00666,873449/14/4,Katuta,Simuunza,1987-11-03,M,Kasama,T002-Kitwe,26361AB85271,666,False,,
REC00149,347582/56/2,Mphatso,Simuunza,1970-02-13,F,Solwezi,T003-Ndola,5B785AC44B80,149,False,,
REC00665,956949/58/1,Thandiwe,Kabwe,1987-07-31,F,Mansa,T001-Lusaka,DDB2E22D562F,665,False,,
REC00493,711344/83/4,Siyanza,Mwale,2006-11-05,F,Kasama,T002-Kitwe,2558BD9FB312,493,False,,
REC00215,189772/77/6,Thandiwe,Mubita,1950-01-24,F,Chingola,T001-Lusaka,A063F4F2B46E,215,False,,
REC00028,589710/16/2,Namoonde,Simamba,1973-02-18,F,Mongu,T001-Lusaka,F001895742CA,28,False,,
REC00193,266457/56/6,Martha,Sialubalo,1955-04-22,F,Mongu,T002-Kitwe,8218B6254AA1,193,False,,
REC00713,747983/44/1,Namoonde,Kabwe,1947-07-12,M,Mazabuka,T002-Kitwe,73760F1775FE,713,False,,
REC00875,938759/96/2,Grace,Kalumba,1976-12-26,F,Choma,T001-Lusaka,E844218FE0F1,875,False,,
REC00115,313446/44/9,Peace,Simuunza,2005-05-20,F,Choma,T001-Lusaka,D72F4988CB63,115,False,,
REC00196,832409/94/7,Muketoi,Kamanga,1951-02-27,M,Mufulira,T001-Lusaka,6490C60FDCEE,196,False,,
REC00015,267753/97/7,Chibwe,Chisanga,1953-09-21,M,Kitwe,T003-Ndola,8EDFBB513B7E,15,False,,
REC00139,867934/26/2,Nkandu,Siluwe,1977-04-13,F,Solwezi,T002-Kitwe,9FD63C5A5ED1,139,False,,
REC00129,838083/22/8,Moses,Musonda,1953-02-27,M,Kasama,T001-Lusaka,4DA019635BBC,129,False,,
REC00090,824156/70/8,Naomi,Hichilema,1988-06-15,F,Mansa,T002-Kitwe,8FC1B520B9FD,90,False,,
REC00310,859489/95/9,Chisanga,Kabwe,1957-04-20,M,Kabwe,T001-Lusaka,3B019640FB74,310,False,,
REC00835,974774/67/1,Sialubalo,Namoonde,1962-02-10,M,Solwezi,T001-Lusaka,EC3C7F34C2EF,835,False,,
REC00692,516379/10/1,Sitwala,Simuunza,1969-11-13,F,Mufulira,T002-Kitwe,70E439DADEB2,692,False,,
REC00707,907069/49/3,Mercy,Nkonde,2007-11-04,F,Mufulira,T002-Kitwe,E6BB7F92BC1E,707,False,,
REC00841,703945/79/3,Moono,Kapembwa,1948-08-22,F,Kafue,T002-Kitwe,1FDB235D76D2,841,False,,
REC00708,147057/39/4,Joy,Chisanga,1970-07-01,F,Solwezi,T003-Ndola,B9451B25DF8F,708,False,,
REC00370,612438/31/2,Mwinga,Kaunda,1970-03-12,F,Lusaka,T003-Ndola,E46CCE43180D,370,False,,
REC00632,112394/96/4,Moono,Nkumbula,2009-04-05,F,Mufulira,T002-Kitwe,BA3F4A99B6B2,632,False,,
REC00634,483699/33/8,Hope,Kalumba,1979-03-27,F,Livingstone,T002-Kitwe,C2255E41A7ED,634,False,,
REC00311,322096/34/2,Mulonga,Kamanga,2008-08-21,M,Mansa,T003-Ndola,9AF7FA7CDDCB,311,False,,
REC00499,310026/53/7,Lubemba,Chisanga,1997-09-09,F,Choma,T003-Ndola,6E3B967A5F37,499,False,,
REC00744,617437/40/4,Ruth,Mulenga,1955-06-21,F,Mazabuka,T003-Ndola,96A540EE4A20,744,False,,
REC00617,525146/85/4,Namoonde,Mubita,1974-07-25,F,Lusaka,T003-Ndola,4D2BCC86A25F,617,False,,
REC00763,660226/31/7,Siluwe,Mwale,1953-10-22,M,Mufulira,T001-Lusaka,882FEB84E5AA,763,False,,
REC00674,475565/27/5,Chanda,Nkumbula,1976-02-15,M,Kabwe,T001-Lusaka,6AFB049A7A6B,674,False,,
REC00415,911102/49/6,Mwenya,Moono,1984-09-08,F,Chingola,T001-Lusaka,4B62C46CD34D,415,False,,
REC00709,354854/89/3,Kalunga,Kapembwa,2005-02-13,M,Lusaka,T002-Kitwe,5B18704AE60D,709,False,,
REC00472,716493/84/2,Kapulula,Chisanga,1959-03-08,F,Mufulira,T001-Lusaka,403B21A88E40,472,False,,
REC00489,722615/87/5,Sachimba,Mbanga,1951-12-09,M,Mazabuka,T002-Kitwe,97B2B993261D,489,False,,
REC00672,162969/17/6,Siluwe,Hichilema,1953-12-06,M,Ndola,T003-Ndola,6D06AA8D1E84,672,False,,
REC00176,157443/10/4,Mwale,Zulu,1956-03-31,M,Livingstone,T002-Kitwe,A77CE54140B6,176,False,,
REC00014,329974/27/9,Deborah,Zulu,1977-07-16,F,Kitwe,T002-Kitwe,4B6D62BE52BC,14,False,,
REC00120,456385/74/5,Mwamba,Tembo,1972-10-15,M,Chipata,T001-Lusaka,EA4099DF62BE,120,False,,
REC00405,738407/17/5,Mwaka,Moono,1955-01-31,F,Kasama,T003-Ndola,B382C130E8B6,405,False,,
REC00006,662275/25/7,Nkandu,Wina,1968-10-18,F,Chingola,T001-Lusaka,DF6E0D2BEDA6,6,False,,
REC00019,665579/77/1,Phiri,Nyirenda,1995-07-10,M,Solwezi,T003-Ndola,88E7C493F52A,19,False,,
REC00548,133875/55/8,Sikazwe,Mumba,1961-06-18,M,Mufulira,T001-Lusaka,CA38595157E2,548,False,,
REC00934,904857/73/8,Chisanga,Mubita,1963-05-15,M,Chipata,T001-Lusaka,51059B8ED9AC,934,False,,
REC00109,976566/83/1,Chimfwembe,Kalunga,1949-07-09,M,Kafue,T003-Ndola,EA8E54433BAA,109,False,,
REC00690,676802/51/6,Abraham,Mbewe,1981-09-28,M,Mansa,T002-Kitwe,43CF53A22970,690,False,,
REC00266,313795/62/9,Kapulula,Lungu,1948-01-25,F,Choma,T003-Ndola,F280E31531D6,266,False,,
REC00619,576849/61/1,Yemisi,Libonda,1992-07-24,F,Ndola,T002-Kitwe,9C64699CF348,619,False,,
REC00765,969749/48/4,Alinafe,Nyirenda,1969-06-21,F,Chipata,T003-Ndola,343B1F278D47,765,False,,
REC00081,493537/60/4,Sialubalo,Mulonga,1949-03-31,M,Mufulira,T001-Lusaka,D9FDCFD73875,81,False,,
REC00190,708519/80/1,Ezekiel,Mwale,1968-07-02,M,Choma,T002-Kitwe,0268D5B80941,190,False,,
REC00217,352838/94/2,Libonda,Chilufya,1979-01-30,M,Kasama,T003-Ndola,8B75DA21B448,217,False,,
REC00192,280941/15/4,Kabaso,Sikazwe,1952-01-18,F,Kabwe,T003-Ndola,A03D553E22E8,192,False,,
REC00830,661307/55/6,Hope,Kapembwa,1959-02-15,F,Chipata,T003-Ndola,61546973D6C7,830,False,,
REC00928,206663/31/2,Siyanza,Nkumbula,1957-01-12,F,Livingstone,T002-Kitwe,DB25ACDDA12E,928,False,,
REC00272,144109/46/2,Namoonde,Chisanga,1983-12-16,F,Choma,T002-Kitwe,0DAB79B3060B,272,False,,
REC00828,379378/29/6,Chilufya,Mubita,1974-12-25,M,Mufulira,T002-Kitwe,79800CA784C0,828,False,,
REC00639,599687/90/2,Kapembwa,Mumba,1987-03-15,M,Kasama,T002-Kitwe,51480533C224,639,False,,
REC00461,317005/31/5,Chisomo,Musonda,2007-09-15,F,Kabwe,T001-Lusaka,9150538E6D15,461,False,,
REC00687,788784/41/3,Chisomo,Kabwe,1962-10-22,F,Kasama,T003-Ndola,F9718723CA28,687,False,,
REC00776,838908/86/8,Emmanuel,Zulu,1993-12-16,M,Solwezi,T003-Ndola,C876342AAC79,776,False,,
REC00466,661527/97/8,Katuta,Sialubalo,1972-06-16,M,Choma,T003-Ndola,8B5C91386318,466,False,,
REC00742,865630/67/5,Nathan,Kamanga,1982-03-31,M,Ndola,T003-Ndola,AA3CC5854661,742,False,,
REC00602,145548/99/9,Martha,Lungu,1976-10-14,F,Livingstone,T002-Kitwe,26DF762E84D0,602,False,,
REC00322,661762/46/1,Chanda,Sialubalo,1985-05-14,M,Kafue,T003-Ndola,0616792B7181,322,False,,
REC00305,149161/54/7,Emmanuel,Mbanga,1965-07-20,M,Solwezi,T003-Ndola,BC35A3EA167A,305,False,,
REC00722,821978/77/3,Mbewe,Mwamba,1982-04-17,M,Choma,T002-Kitwe,813E327EDB1C,722,False,,
REC00427,976530/51/3,Mercy,Chanda,1990-09-22,F,Kasama,T001-Lusaka,D13197FC8D91,427,False,,
REC00915,213054/14/9,Simainga,Chanda,1992-05-25,F,Lusaka,T003-Ndola,1D95F63F2830,915,False,,
REC00894,688285/21/4,Namoonde,Kamanga,1970-01-15,F,Choma,T003-Ndola,2E83AB71A59A,894,False,,
REC00403,947312/29/9,Kabaso,Sikazwe,1991-10-14,F,Mongu,T002-Kitwe,3941AE3E0106,403,False,,
REC00864,574419/73/4,Hope,Nkumbula,2001-03-22,F,Chingola,T001-Lusaka,3809F51B977C,864,False,,
REC00187,561124/18/8,Peace,Sakala,1996-06-21,F,Mazabuka,T002-Kitwe,7D595303EC24,187,False,,
REC00806,128624/46/8,Sikazwe,Sata,1954-01-02,M,Ndola,T001-Lusaka,9A1A890482ED,806,False,,
REC00184,862712/92/3,Mvula,Mbewe,1978-07-08,M,Kitwe,T001-Lusaka,1CACE5B84236,184,False,,
REC00474,522548/28/7,Nkandu,Ng'ombe,1985-04-22,F,Mongu,T001-Lusaka,A032B2F0DF31,474,False,,
REC00678,998450/56/4,Thandiwe,Bwalya,1954-06-01,F,Kasama,T002-Kitwe,518B899B0D8D,678,False,,
REC00759,974329/53/8,Kamanga,Kabwe,1980-05-12,M,Mansa,T002-Kitwe,37C5D0A18FE0,759,False,,
REC00117,527809/21/4,Naomi,Mulenga,1960-06-20,F,Kabwe,T001-Lusaka,11E1C662F61D,117,False,,
REC00017,216970/47/7,Siyanga,Nkonde,1979-07-01,M,Kabwe,T001-Lusaka,0125B0092BF7,17,False,,
REC00516,113368/95/2,Monde,Banda,2009-10-08,F,Kafue,T001-Lusaka,9DBC5765950C,516,False,,
REC00788,792232/17/2,Moono,Namoonde,1952-02-24,F,Kafue,T001-Lusaka,B65FC081897F,788,False,,
REC00084,210665/65/6,Mutinta,Lungu,1966-01-14,F,Choma,T003-Ndola,22DBE9D1A242,84,False,,
REC00600,744610/86/1,Katongo,Ng'ombe,1967-04-28,M,Chingola,T003-Ndola,2CBE8BA8E359,600,False,,
REC00261,968524/75/9,Deborah,Mvula,1964-07-02,F,Kasama,T002-Kitwe,CBB777DE628A,261,False,,
REC00364,747351/32/5,Muketoi,Mbewe,1968-12-08,M,Mufulira,T003-Ndola,CDEAF996FC28,364,False,,
REC00260,434002/30/7,Chisomo,Sakala,1955-01-05,M,Kasama,T003-Ndola,2D4D306CF877,260,False,,
REC00833,211954/90/6,Hamukoma,Nkumbula,1975-01-07,M,Kitwe,T002-Kitwe,F4B5C9E97C2F,833,False,,
REC00898,308936/33/7,Esther,Hichilema,1997-09-24,F,Chingola,T002-Kitwe,4AFB3DD127AD,898,False,,
REC00738,439817/98/3,Daniel,Kasonde,1987-07-31,M,Kasama,T003-Ndola,618F7D24A390,738,False,,
REC00677,667915/56/8,Isaac,Gondwe,1986-05-22,M,Mansa,T001-Lusaka,E4E4E94C120F,677,False,,
REC00476,999924/99/2,Wamunyima,Tembo,1965-11-28,F,Ndola,T001-Lusaka,2009A8439C89,476,False,,
REC00097,398151/70/8,Chipo,Mulenga,1958-07-07,F,Solwezi,T002-Kitwe,EDAFB0EC789D,97,False,,
REC00423,972310/51/6,Moono,Zulu,1947-02-24,F,Chipata,T002-Kitwe,CB1F3DA19B07,423,False,,
REC00436,501620/27/7,Lubemba,Kasonde,1984-11-30,F,Mazabuka,T001-Lusaka,D6F4D820325F,436,False,,
REC00523,719446/71/8,Tembo,Musonda,1972-09-09,M,Mufulira,T001-Lusaka,CFDDDE07659B,523,False,,
REC00111,592841/54/7,Peace,Namoonde,2001-10-30,F,Solwezi,T002-Kitwe,F55FE960A042,111,False,,
REC00929,228725/39/7,Chisomo,Libonda,1973-09-29,F,Kabwe,T003-Ndola,F250325255BF,929,False,,
REC00047,526117/89/3,Kabwe,Mbewe,1959-10-14,M,Kafue,T001-Lusaka,1912CF93A27F,47,False,,
REC00079,219946/82/4,Kunda,Sitwala,1949-12-15,M,Kasama,T002-Kitwe,97D274657D46,79,False,,
REC00565,286638/42/9,Chimfwembe,Chilufya,2005-02-22,M,Mufulira,T001-Lusaka,FA26475FCEB4,565,False,,
REC00049,213346/58/1,Siyanga,Ng'andu,1947-02-06,M,Livingstone,T002-Kitwe,5AA534A4FD3A,49,False,,
REC00583,625465/75/2,Sikazwe,Mwamba,1968-04-28,M,Solwezi,T002-Kitwe,8C77B2A0F546,583,False,,
REC00303,910065/96/6,Mwanachitechi,Mulonga,1956-05-16,M,Chipata,T001-Lusaka,992078F51743,303,False,,
REC00438,127329/50/4,Choolwe,Tembo,1993-11-18,F,Choma,T001-Lusaka,3CFE6604E3C7,438,False,,
REC00536,212157/42/4,Elijah,Mwamba,1973-04-20,M,Kitwe,T001-Lusaka,2573703300CB,536,False,,
REC00255,483713/15/7,Sitwala,Hichilema,1973-11-02,F,Mufulira,T001-Lusaka,B69B99F84788,255,False,,
REC00862,555342/84/4,Alinafe,Banda,1980-08-26,F,Ndola,T003-Ndola,56A901A2CFB7,862,False,,
REC00908,821783/56/2,Kondwani,Sachitembe,1947-05-26,F,Mufulira,T003-Ndola,AB075E59BB78,908,False,,
REC00701,260639/16/7,Mary,Nkumbula,1990-03-16,F,Mansa,T002-Kitwe,D627B59F37F6,701,False,,
REC00131,532067/82/3,Kapulula,Banda,1962-05-12,F,Ndola,T001-Lusaka,74623EAD5489,131,False,,
REC00153,937302/32/2,Kunda,Mutinta,1987-07-12,M,Kafue,T003-Ndola,CAA59C36712E,153,False,,
REC00308,507286/41/5,Naomi,Sialubalo,1997-12-26,F,Solwezi,T001-Lusaka,64EC4732EBE7,308,False,,
REC00490,389913/91/6,David,Chilufya,1979-11-05,M,Chipata,T002-Kitwe,3160EABB6951,490,False,,
REC00967,630930/18/6,Samuel,Ng'andu,1984-08-08,M,Kabwe,T003-Ndola,CAC5EEE910EE,898,True,Type2,REC00898
REC00082,991597/97/2,Kabwe,Nkumbula,1982-12-16,M,Mansa,T003-Ndola,173D8416D299,82,False,,
REC00448,717558/32/7,Libonda,Kalunga,1950-04-22,M,Kasama,T002-Kitwe,FEB8B385DD47,448,False,,
REC00480,977633/17/4,Kamanga,Kabwe,1992-01-03,M,Kabwe,T001-Lusaka,6ECAAF2BE845,480,False,,
REC00298,412856/69/9,Mulenga,Hichilema,2007-12-23,M,Chingola,T002-Kitwe,313711AF47C6,298,False,,
REC00086,381433/51/4,Faith,Simamba,1956-11-10,F,Chipata,T001-Lusaka,55736AAD7038,86,False,,
REC00538,717942/74/3,Isaac,Moono,1950-12-10,M,Lusaka,T002-Kitwe,A16EB0C2B552,538,False,,
REC00974,794303/60/2,Mwenya,Nyirenda,1990-11-16,F,Chipata,T002-Kitwe,5B2E44FB1960,446,True,Type3,REC00446
REC00645,514664/44/8,Kondwani,Libonda,1952-03-07,F,Kasama,T002-Kitwe,FCA44AA239E2,645,False,,
REC00540,729718/87/6,Kabwe,Mwale,1951-01-10,M,Choma,T003-Ndola,07C0626575A0,540,False,,
REC00508,862491/26/4,Chama,Kalunga,1989-11-21,F,Lusaka,T003-Ndola,3B7D3AAC8B10,508,False,,
REC00159,763829/84/9,Kunda,Tembo,1954-01-02,M,Solwezi,T003-Ndola,D41E70D71DC4,159,False,,
REC00731,913920/15/7,Alinafe,Simamba,1973-09-10,F,Solwezi,T003-Ndola,B78E7B693C7F,731,False,,
REC00703,674779/61/5,Samuel,Mulonga,2005-08-04,M,Mongu,T001-Lusaka,7CD78518D49D,703,False,,
REC00664,158760/44/7,Mulonga,Kasonde,1996-11-27,M,Chingola,T001-Lusaka,BB26875803BA,664,False,,
REC00230,488984/57/8,Phiri,Sachitembe,1969-08-25,M,Mufulira,T001-Lusaka,EFAFC3056C30,230,False,,
REC00693,414922/38/4,Chisomo,Kamanga,2009-06-04,M,Lusaka,T002-Kitwe,403356AB183D,693,False,,
REC00475,381631/57/1,Alinafe,Mutale,1967-05-20,F,Kafue,T002-Kitwe,AB09AB610948,475,False,,
REC00350,570880/86/8,Emmanuel,Mwale,2003-05-19,M,Mongu,T003-Ndola,EE6E188BA667,350,False,,
REC00526,821673/99/2,Siluwe,Sialubalo,1963-01-31,M,Mazabuka,T002-Kitwe,85559DD3CECF,526,False,,
REC00042,313487/97/5,Mercy,Mumba,1979-04-03,F,Kabwe,T003-Ndola,2CAFAB51EC33,42,False,,
REC00096,680238/47/3,Mutinta,Chanda,2005-02-14,M,Kafue,T003-Ndola,75A6738AC690,96,False,,
REC00437,602985/79/8,Chanda,Mwale,1977-10-18,M,Choma,T002-Kitwe,60D45C20EBFA,437,False,,
REC00646,995706/12/3,Mwinga,Ng'andu,1993-07-08,F,Livingstone,T003-Ndola,6CFEF3E1914C,646,False,,
REC00445,254887/85/3,Mbanga,Mutale,2008-01-18,M,Kafue,T001-Lusaka,46C04E0B6EFF,445,False,,
REC00191,625721/29/1,Mbanga,Libonda,1967-05-06,M,Kitwe,T002-Kitwe,EF086FF1CCFF,191,False,,
REC00629,616256/83/5,Sitwala,Kalumba,1981-09-19,F,Ndola,T002-Kitwe,05CF625D98CD,629,False,,
REC00378,999695/75/2,Takondwa,Mulonga,1986-01-11,F,Mansa,T001-Lusaka,C973CB2FF000,378,False,,
REC00831,195071/56/9,Lubemba,Chinyama,1951-12-18,F,Kitwe,T002-Kitwe,86FBBD9D3B91,831,False,,
REC00433,701761/65/7,Joseph,Mutale,1994-12-11,M,Lusaka,T002-Kitwe,C30C5310DE46,433,False,,
REC00775,808308/16/2,Kunda,Bwalya,1967-10-13,M,Lusaka,T002-Kitwe,28091066AB79,775,False,,
REC00093,341736/25/4,Kondwani,Kamanga,1987-06-18,F,Kitwe,T002-Kitwe,97F40D8D1D52,93,False,,
REC00434,325146/33/5,Simainga,Ng'ombe,1978-04-05,F,Kabwe,T002-Kitwe,E39B63A6BA6E,434,False,,
REC00615,635348/76/4,Chisomo,Chanda,1956-03-25,F,Ndola,T003-Ndola,B9B1E0F18BB5,615,False,,
REC00577,276831/10/6,Wamunyima,Sakala,1971-08-04,M,Mansa,T001-Lusaka,C53A34D70CD3,577,False,,
REC00275,533377/52/8,Zulu,Mutale,2001-01-09,M,Mazabuka,T001-Lusaka,ED9799C04350,275,False,,
REC00488,964352/89/7,Wamunyima,Sachitembe,1963-04-22,F,Kitwe,T003-Ndola,85181AE25E26,488,False,,
REC00978,857524/37/3,Gondwe,Simuunza,2004-06-18,F,Mufulira,T001-Lusaka,68DCEB7B120C,393,True,Type3,REC00393
REC00907,670123/51/6,Katongo,Libonda,1995-01-08,M,Mansa,T003-Ndola,15C5DC495958,907,False,,
REC00457,273012/87/7,Chama,Simamba,1951-05-17,F,Lusaka,T001-Lusaka,C4F15CDD44D1,457,False,,
REC00502,235691/88/7,Tembo,Namoonde,2002-02-12,M,Mongu,T003-Ndola,F4D1892B2A8A,502,False,,
REC00205,772324/71/6,Chisomo,Phiri,2005-05-02,M,Choma,T003-Ndola,0F92272B8ACC,205,False,,
REC00525,374320/93/6,Grace,Chanda,2004-05-01,F,Kasama,T001-Lusaka,BAE5A24BA63B,525,False,,
REC00377,658136/45/9,Kapembwa,Mulonga,1978-07-17,M,Solwezi,T001-Lusaka,25782AF686CC,377,False,,
REC00853,221703/19/4,Mutale,Namoonde,1963-10-27,M,Kabwe,T003-Ndola,8AC0CA4C6351,853,False,,
REC00099,418594/20/4,Phiri,Chisanga,1959-07-09,M,Chingola,T001-Lusaka,F2E08029FF98,99,False,,
REC00682,976923/59/8,Chilufya,Mulonga,1952-06-10,M,Mufulira,T003-Ndola,081F53CB9F22,682,False,,
REC00368,982885/67/1,Namukolo,Ng'ombe,1981-10-16,F,Lusaka,T002-Kitwe,DF684EA902EA,368,False,,
REC00135,994787/71/2,Wamunyima,Kabwe,1975-07-03,F,Mongu,T001-Lusaka,4840D2BF13CF,135,False,,
REC00618,861411/81/6,Chimfwembe,Mbanga,1984-06-28,M,Kafue,T002-Kitwe,6D3D80F7C106,618,False,,
REC00702,924566/60/3,Mwale,Simamba,1984-01-07,M,Solwezi,T001-Lusaka,82506BADC229,702,False,,
REC00926,981913/70/6,Simainga,Kabwe,2003-10-09,F,Lusaka,T001-Lusaka,FA7864992D57,926,False,,
REC00318,277487/27/9,Faith,Ng'andu,1978-06-02,F,Ndola,T002-Kitwe,EAF43B061BC6,318,False,,
REC00944,120669/78/6,Mwaka,Mvula,1994-10-13,F,Kabwe,T001-Lusaka,4B2FF1E61FC6,944,False,,
REC00826,211410/66/5,Mphatso,Kalumba,1952-04-19,F,Lusaka,T001-Lusaka,BE51BF86505A,826,False,,
REC00754,621919/73/3,Martha,Wina,1953-04-30,F,Livingstone,T003-Ndola,ED1746B1A3DA,754,False,,
REC00443,614259/14/2,Ruth,Kamanga,1994-04-07,F,Livingstone,T001-Lusaka,40AAE6E7B56F,443,False,,
REC00821,900962/92/3,Kunda,Mwale,1951-02-16,M,Kasama,T001-Lusaka,46EB403A9498,821,False,,
REC00503,104895/14/9,Simainga,Sitwala,1975-08-17,F,Kasama,T001-Lusaka,BA2A32DA8C53,503,False,,
REC00306,494747/33/9,Mwinga,Chisanga,1983-02-10,F,Livingstone,T002-Kitwe,56E955F4FCE0,306,False,,
REC00124,259493/73/1,Choolwe,Mubita,1951-07-09,F,Chingola,T001-Lusaka,B22DEF8C47BD,124,False,,
REC00158,177060/20/6,Solomon,Kaunda,1970-03-22,M,Ndola,T003-Ndola,A462279C3D3F,158,False,,
REC00670,927477/41/1,Deborah,Kapembwa,1974-07-04,F,Mufulira,T001-Lusaka,E34B5F8F46A4,670,False,,
REC00771,310297/34/5,Peace,Mumba,1981-03-24,F,Chingola,T002-Kitwe,BA482BF673AC,771,False,,
REC00663,923892/73/6,Siluwe,Lungu,1982-01-23,M,Kasama,T002-Kitwe,65F1FF056022,663,False,,
REC00292,947975/17/8,Kabaso,Sikazwe,1970-01-18,F,Chingola,T001-Lusaka,E4FB8B85B7B0,292,False,,
REC00413,536476/50/5,Yemisi,Sakala,1987-09-28,F,Mufulira,T001-Lusaka,85F03A5C37D2,413,False,,
REC00799,846722/74/5,Elijah,Wina,1988-10-10,M,Choma,T002-Kitwe,5490C53B8629,799,False,,
REC00398,174461/77/1,Elijah,Chinyama,1956-09-24,M,Choma,T002-Kitwe,7B5272D3B982,398,False,,
REC00167,485415/24/5,Kabwe,Mbewe,1960-02-10,M,Livingstone,T003-Ndola,03F352555828,167,False,,
REC00214,101640/88/6,Banda,Gondwe,1971-07-04,M,Mufulira,T001-Lusaka,906AD89FA451,214,False,,
REC00873,390607/16/2,Mary,Sachitembe,1972-01-27,F,Solwezi,T002-Kitwe,8C84BE108F03,873,False,,
REC00022,653306/87/7,Naomi,Ng'andu,1986-03-27,F,Choma,T001-Lusaka,A0F697D7B30E,22,False,,
REC00092,409571/12/7,Hope,Mbanga,1962-05-20,F,Solwezi,T002-Kitwe,B6A0FF7B0A51,92,True,Type4,REC00136
REC00990,352838/94/2,Libonda,Chilufya,1979-01-30,M,Kasama,T001-Lusaka,7AC668A5D24A,217,True,Type5,REC00217
REC00887,632056/52/5,Kapulula,Mulenga,1961-01-06,F,Choma,T002-Kitwe,4798FC143E04,887,False,,
REC00790,305171/36/6,Joy,Mulonga,1969-11-24,F,Mufulira,T002-Kitwe,9C327F4D263C,790,False,,
REC00246,525818/48/8,Hope,Banda,1948-07-24,F,Kasama,T001-Lusaka,88C9F1BC640C,246,False,,
REC00183,332335/52/3,Wamunyima,Sata,1979-07-22,F,Chingola,T001-Lusaka,F03E23D5892C,183,False,,
REC00262,447329/96/2,Hope,Bwalya,1976-12-19,F,Mufulira,T002-Kitwe,BAD4A386CB48,262,False,,
REC00409,620248/68/9,Esther,Chinyama,2003-02-06,F,Lusaka,T002-Kitwe,E1F5335F1A5F,409,False,,
